config,bkspace_d,sigma_clip,case_id,tic,tmag,aperture,scale,scale_source,fit_count,n_quality0,n_det_finite_quality0,raw_negative_quality0,raw_negative_quality0_retained,det_mad_quality0,trend_mad_binned,trend_range_binned,trend_n_bins,failed,path
bk0.3_sig3,0.3,3.0,tic1884514391_s0056_o120_c4-2_Primary,1884514391,19.78291630690647,Primary,4268.19529567871,auto_robust_abs,6137,6137,6137,4159,4159,0.1335939468779385,0.00877422066962389,0.032489487531263905,29,False,data_local/stage1_lightcurves/detrend_experiments/s56_h5_sample/1884514391.h5
bk0.3_sig5,0.3,5.0,tic1884514391_s0056_o120_c4-2_Primary,1884514391,19.78291630690647,Primary,4268.19529567871,auto_robust_abs,6137,6137,6137,4159,4159,0.1333428353889581,0.007799689675554603,0.03633280469365374,29,False,data_local/stage1_lightcurves/detrend_experiments/s56_h5_sample/1884514391.h5
bk0.5_sig3,0.5,3.0,tic1884514391_s0056_o120_c4-2_Primary,1884514391,19.78291630690647,Primary,4268.19529567871,auto_robust_abs,6137,6137,6137,4159,4159,0.1527869987402876,0.02787431442095891,0.264792752693085,29,False,data_local/stage1_lightcurves/detrend_experiments/s56_h5_sample/1884514391.h5
bk0.5_sig5,0.5,5.0,tic1884514391_s0056_o120_c4-2_Primary,1884514391,19.78291630690647,Primary,4268.19529567871,auto_robust_abs,6137,6137,6137,4159,4159,0.1492922108679666,0.029431386498869845,0.13656309821482826,29,False,data_local/stage1_lightcurves/detrend_experiments/s56_h5_sample/1884514391.h5
bk0.8_sig3,0.8,3.0,tic1884514391_s0056_o120_c4-2_Primary,1884514391,19.78291630690647,Primary,4268.19529567871,auto_robust_abs,6137,6137,6137,4159,4159,0.1585151102643935,0.04870745729537123,0.1681998987022827,29,False,data_local/stage1_lightcurves/detrend_experiments/s56_h5_sample/1884514391.h5
bk0.8_sig5,0.8,5.0,tic1884514391_s0056_o120_c4-2_Primary,1884514391,19.78291630690647,Primary,4268.19529567871,auto_robust_abs,6137,6137,6137,4159,4159,0.16079148003368893,0.052179099896945455,0.21499720889887264,29,False,data_local/stage1_lightcurves/detrend_experiments/s56_h5_sample/1884514391.h5
bk1.2_sig3,1.2,3.0,tic1884514391_s0056_o120_c4-2_Primary,1884514391,19.78291630690647,Primary,4268.19529567871,auto_robust_abs,6137,6137,6137,4159,4159,0.1767443652725821,0.08897516114156855,0.3003646123016107,29,False,data_local/stage1_lightcurves/detrend_experiments/s56_h5_sample/1884514391.h5
bk1.2_sig5,1.2,5.0,tic1884514391_s0056_o120_c4-2_Primary,1884514391,19.78291630690647,Primary,4268.19529567871,auto_robust_abs,6137,6137,6137,4159,4159,0.17799397814401172,0.08411169311506375,0.3179943107110422,29,False,data_local/stage1_lightcurves/detrend_experiments/s56_h5_sample/1884514391.h5
bk2_sig3,2.0,3.0,tic1884514391_s0056_o120_c4-2_Primary,1884514391,19.78291630690647,Primary,4268.19529567871,auto_robust_abs,6137,6137,6137,4159,4159,0.21616920192954284,0.11646446426433951,0.8842234860163909,29,False,data_local/stage1_lightcurves/detrend_experiments/s56_h5_sample/1884514391.h5
bk2_sig5,2.0,5.0,tic1884514391_s0056_o120_c4-2_Primary,1884514391,19.78291630690647,Primary,4268.19529567871,auto_robust_abs,6137,6137,6137,4159,4159,0.20923678633959686,0.11420619098712709,0.5597126228523056,29,False,data_local/stage1_lightcurves/detrend_experiments/s56_h5_sample/1884514391.h5
bk0.3_sig3,0.3,3.0,tic1884514391_s0056_o120_c4-2_Small,1884514391,19.78291630690647,Small,402.3759529958898,auto_robust_abs,6137,6137,6137,3291,3291,0.3806329638230316,0.029565046283698725,0.07775117056117853,29,False,data_local/stage1_lightcurves/detrend_experiments/s56_h5_sample/1884514391.h5
bk0.3_sig5,0.3,5.0,tic1884514391_s0056_o120_c4-2_Small,1884514391,19.78291630690647,Small,402.3759529958898,auto_robust_abs,6137,6137,6137,3291,3291,0.38405921200799903,0.02716534500638941,0.09563249826009068,29,False,data_local/stage1_lightcurves/detrend_experiments/s56_h5_sample/1884514391.h5
bk0.5_sig3,0.5,3.0,tic1884514391_s0056_o120_c4-2_Small,1884514391,19.78291630690647,Small,402.3759529958898,auto_robust_abs,6137,6137,6137,3291,3291,0.38902559888575233,0.050025448831439015,0.13422676567661485,29,False,data_local/stage1_lightcurves/detrend_experiments/s56_h5_sample/1884514391.h5
bk0.5_sig5,0.5,5.0,tic1884514391_s0056_o120_c4-2_Small,1884514391,19.78291630690647,Small,402.3759529958898,auto_robust_abs,6137,6137,6137,3291,3291,0.3941679232237764,0.05778685703309612,0.15447586586662854,29,False,data_local/stage1_lightcurves/detrend_experiments/s56_h5_sample/1884514391.h5
bk0.8_sig3,0.8,3.0,tic1884514391_s0056_o120_c4-2_Small,1884514391,19.78291630690647,Small,402.3759529958898,auto_robust_abs,6137,6137,6137,3291,3291,0.3963767442315547,0.09942617069679201,0.24106461914239152,29,False,data_local/stage1_lightcurves/detrend_experiments/s56_h5_sample/1884514391.h5
bk0.8_sig5,0.8,5.0,tic1884514391_s0056_o120_c4-2_Small,1884514391,19.78291630690647,Small,402.3759529958898,auto_robust_abs,6137,6137,6137,3291,3291,0.3997565425606693,0.10465177711889559,0.3141899753487608,29,False,data_local/stage1_lightcurves/detrend_experiments/s56_h5_sample/1884514391.h5
bk1.2_sig3,1.2,3.0,tic1884514391_s0056_o120_c4-2_Small,1884514391,19.78291630690647,Small,402.3759529958898,auto_robust_abs,6137,6137,6137,3291,3291,0.40829537375186914,0.10462065392318827,0.49357984917839726,29,False,data_local/stage1_lightcurves/detrend_experiments/s56_h5_sample/1884514391.h5
bk1.2_sig5,1.2,5.0,tic1884514391_s0056_o120_c4-2_Small,1884514391,19.78291630690647,Small,402.3759529958898,auto_robust_abs,6137,6137,6137,3291,3291,0.4117603290269553,0.11404237224771749,0.48523394695101585,29,False,data_local/stage1_lightcurves/detrend_experiments/s56_h5_sample/1884514391.h5
bk2_sig3,2.0,3.0,tic1884514391_s0056_o120_c4-2_Small,1884514391,19.78291630690647,Small,402.3759529958898,auto_robust_abs,6137,6137,6137,3291,3291,0.4506841839924875,0.18820309708331168,0.7496140848942283,29,False,data_local/stage1_lightcurves/detrend_experiments/s56_h5_sample/1884514391.h5
bk2_sig5,2.0,5.0,tic1884514391_s0056_o120_c4-2_Small,1884514391,19.78291630690647,Small,402.3759529958898,auto_robust_abs,6137,6137,6137,3291,3291,0.4518389459644487,0.17338440121537158,0.720686884087009,29,False,data_local/stage1_lightcurves/detrend_experiments/s56_h5_sample/1884514391.h5
bk0.3_sig3,0.3,3.0,tic1884514391_s0056_o120_c4-2_Large,1884514391,19.78291630690647,Large,13087.489308102025,auto_robust_abs,6137,6137,6137,4218,4218,0.08907440565652928,0.00867119236143289,0.04235865446116249,29,False,data_local/stage1_lightcurves/detrend_experiments/s56_h5_sample/1884514391.h5
bk0.3_sig5,0.3,5.0,tic1884514391_s0056_o120_c4-2_Large,1884514391,19.78291630690647,Large,13087.489308102025,auto_robust_abs,6137,6137,6137,4218,4218,0.09059893487392572,0.009677480215095157,0.04482280190387111,29,False,data_local/stage1_lightcurves/detrend_experiments/s56_h5_sample/1884514391.h5
bk0.5_sig3,0.5,3.0,tic1884514391_s0056_o120_c4-2_Large,1884514391,19.78291630690647,Large,13087.489308102025,auto_robust_abs,6137,6137,6137,4218,4218,0.10500556050874076,0.02437397148330705,0.2805170233176373,29,False,data_local/stage1_lightcurves/detrend_experiments/s56_h5_sample/1884514391.h5
bk0.5_sig5,0.5,5.0,tic1884514391_s0056_o120_c4-2_Large,1884514391,19.78291630690647,Large,13087.489308102025,auto_robust_abs,6137,6137,6137,4218,4218,0.10435269340929047,0.025233828644310882,0.10631760354025,29,False,data_local/stage1_lightcurves/detrend_experiments/s56_h5_sample/1884514391.h5
bk0.8_sig3,0.8,3.0,tic1884514391_s0056_o120_c4-2_Large,1884514391,19.78291630690647,Large,13087.489308102025,auto_robust_abs,6137,6137,6137,4218,4218,0.11371430091731519,0.05571651314539623,0.16833422602617343,29,False,data_local/stage1_lightcurves/detrend_experiments/s56_h5_sample/1884514391.h5
bk0.8_sig5,0.8,5.0,tic1884514391_s0056_o120_c4-2_Large,1884514391,19.78291630690647,Large,13087.489308102025,auto_robust_abs,6137,6137,6137,4218,4218,0.11517783888767799,0.04971691974638773,0.19518675500341964,29,False,data_local/stage1_lightcurves/detrend_experiments/s56_h5_sample/1884514391.h5
bk1.2_sig3,1.2,3.0,tic1884514391_s0056_o120_c4-2_Large,1884514391,19.78291630690647,Large,13087.489308102025,auto_robust_abs,6137,6137,6137,4218,4218,0.13516647252643235,0.06774983665950628,0.26862054110092504,29,False,data_local/stage1_lightcurves/detrend_experiments/s56_h5_sample/1884514391.h5
bk1.2_sig5,1.2,5.0,tic1884514391_s0056_o120_c4-2_Large,1884514391,19.78291630690647,Large,13087.489308102025,auto_robust_abs,6137,6137,6137,4218,4218,0.1377369194036596,0.07540512942247621,0.28013721650956813,29,False,data_local/stage1_lightcurves/detrend_experiments/s56_h5_sample/1884514391.h5
bk2_sig3,2.0,3.0,tic1884514391_s0056_o120_c4-2_Large,1884514391,19.78291630690647,Large,13087.489308102025,auto_robust_abs,6137,6137,6137,4218,4218,0.17343941792867001,0.11906404347651395,0.7980681742857998,29,False,data_local/stage1_lightcurves/detrend_experiments/s56_h5_sample/1884514391.h5
bk2_sig5,2.0,5.0,tic1884514391_s0056_o120_c4-2_Large,1884514391,19.78291630690647,Large,13087.489308102025,auto_robust_abs,6137,6137,6137,4218,4218,0.16714564430889373,0.10165431958524315,0.5137971764387645,29,False,data_local/stage1_lightcurves/detrend_experiments/s56_h5_sample/1884514391.h5
bk0.3_sig3,0.3,3.0,tic1981551646_s0056_o120_c4-2_Primary,1981551646,19.793893158618413,Primary,17087.947542226717,auto_robust_abs,6137,6137,6137,4232,4232,0.06785993116739653,0.010641579200954874,0.041807743741621106,29,False,data_local/stage1_lightcurves/detrend_experiments/s56_h5_sample/1981551646.h5
bk0.3_sig5,0.3,5.0,tic1981551646_s0056_o120_c4-2_Primary,1981551646,19.793893158618413,Primary,17087.947542226717,auto_robust_abs,6137,6137,6137,4232,4232,0.07040013554113703,0.012224668180427986,0.054577475864126646,29,False,data_local/stage1_lightcurves/detrend_experiments/s56_h5_sample/1981551646.h5
bk0.5_sig3,0.5,3.0,tic1981551646_s0056_o120_c4-2_Primary,1981551646,19.793893158618413,Primary,17087.947542226717,auto_robust_abs,6137,6137,6137,4232,4232,0.08611227144219351,0.03076262496435962,0.15519150359381872,29,False,data_local/stage1_lightcurves/detrend_experiments/s56_h5_sample/1981551646.h5
bk0.5_sig5,0.5,5.0,tic1981551646_s0056_o120_c4-2_Primary,1981551646,19.793893158618413,Primary,17087.947542226717,auto_robust_abs,6137,6137,6137,4232,4232,0.09175384882531432,0.03529398744502964,0.13007041038480716,29,False,data_local/stage1_lightcurves/detrend_experiments/s56_h5_sample/1981551646.h5
bk0.8_sig3,0.8,3.0,tic1981551646_s0056_o120_c4-2_Primary,1981551646,19.793893158618413,Primary,17087.947542226717,auto_robust_abs,6137,6137,6137,4232,4232,0.11277367017217146,0.05856819893752346,0.21426753366188755,29,False,data_local/stage1_lightcurves/detrend_experiments/s56_h5_sample/1981551646.h5
bk0.8_sig5,0.8,5.0,tic1981551646_s0056_o120_c4-2_Primary,1981551646,19.793893158618413,Primary,17087.947542226717,auto_robust_abs,6137,6137,6137,4232,4232,0.131580272243559,0.07620825883910459,0.25229949225968673,29,False,data_local/stage1_lightcurves/detrend_experiments/s56_h5_sample/1981551646.h5
bk1.2_sig3,1.2,3.0,tic1981551646_s0056_o120_c4-2_Primary,1981551646,19.793893158618413,Primary,17087.947542226717,auto_robust_abs,6137,6137,6137,4232,4232,0.11697580671007944,0.06703329750116169,0.22923164114616845,29,False,data_local/stage1_lightcurves/detrend_experiments/s56_h5_sample/1981551646.h5
bk1.2_sig5,1.2,5.0,tic1981551646_s0056_o120_c4-2_Primary,1981551646,19.793893158618413,Primary,17087.947542226717,auto_robust_abs,6137,6137,6137,4232,4232,0.12541183230169523,0.08137185593698344,0.24035598525128266,29,False,data_local/stage1_lightcurves/detrend_experiments/s56_h5_sample/1981551646.h5
bk2_sig3,2.0,3.0,tic1981551646_s0056_o120_c4-2_Primary,1981551646,19.793893158618413,Primary,17087.947542226717,auto_robust_abs,6137,6137,6137,4232,4232,0.1509430575919243,0.08701291037883715,0.33727408041783613,29,False,data_local/stage1_lightcurves/detrend_experiments/s56_h5_sample/1981551646.h5
bk2_sig5,2.0,5.0,tic1981551646_s0056_o120_c4-2_Primary,1981551646,19.793893158618413,Primary,17087.947542226717,auto_robust_abs,6137,6137,6137,4232,4232,0.1470104972356544,0.09419933226944219,0.3974470322024639,29,False,data_local/stage1_lightcurves/detrend_experiments/s56_h5_sample/1981551646.h5
bk0.3_sig3,0.3,3.0,tic1981551646_s0056_o120_c4-2_Small,1981551646,19.793893158618413,Small,1387.6836722445582,auto_robust_abs,6137,6137,6137,3923,3923,0.15937343004444318,0.008488451756068915,0.03281441234897109,29,False,data_local/stage1_lightcurves/detrend_experiments/s56_h5_sample/1981551646.h5
bk0.3_sig5,0.3,5.0,tic1981551646_s0056_o120_c4-2_Small,1981551646,19.793893158618413,Small,1387.6836722445582,auto_robust_abs,6137,6137,6137,3923,3923,0.15948421137902902,0.00866099415267333,0.04627632724432951,29,False,data_local/stage1_lightcurves/detrend_experiments/s56_h5_sample/1981551646.h5
bk0.5_sig3,0.5,3.0,tic1981551646_s0056_o120_c4-2_Small,1981551646,19.793893158618413,Small,1387.6836722445582,auto_robust_abs,6137,6137,6137,3923,3923,0.18967850542723114,0.03366025290469034,0.1555074567382443,29,False,data_local/stage1_lightcurves/detrend_experiments/s56_h5_sample/1981551646.h5
bk0.5_sig5,0.5,5.0,tic1981551646_s0056_o120_c4-2_Small,1981551646,19.793893158618413,Small,1387.6836722445582,auto_robust_abs,6137,6137,6137,3923,3923,0.190143048833164,0.03383240972065587,0.14928541448349775,29,False,data_local/stage1_lightcurves/detrend_experiments/s56_h5_sample/1981551646.h5
bk0.8_sig3,0.8,3.0,tic1981551646_s0056_o120_c4-2_Small,1981551646,19.793893158618413,Small,1387.6836722445582,auto_robust_abs,6137,6137,6137,3923,3923,0.2125754780135937,0.09402970732812103,0.2927284682291815,29,False,data_local/stage1_lightcurves/detrend_experiments/s56_h5_sample/1981551646.h5
bk0.8_sig5,0.8,5.0,tic1981551646_s0056_o120_c4-2_Small,1981551646,19.793893158618413,Small,1387.6836722445582,auto_robust_abs,6137,6137,6137,3923,3923,0.21616876789367317,0.09689758475239132,0.2900744698002867,29,False,data_local/stage1_lightcurves/detrend_experiments/s56_h5_sample/1981551646.h5
bk1.2_sig3,1.2,3.0,tic1981551646_s0056_o120_c4-2_Small,1981551646,19.793893158618413,Small,1387.6836722445582,auto_robust_abs,6137,6137,6137,3923,3923,0.21400856683535505,0.10773997257516311,0.31625375896527497,29,False,data_local/stage1_lightcurves/detrend_experiments/s56_h5_sample/1981551646.h5
bk1.2_sig5,1.2,5.0,tic1981551646_s0056_o120_c4-2_Small,1981551646,19.793893158618413,Small,1387.6836722445582,auto_robust_abs,6137,6137,6137,3923,3923,0.2167067511792262,0.11381221413393829,0.31796152947118794,29,False,data_local/stage1_lightcurves/detrend_experiments/s56_h5_sample/1981551646.h5
bk2_sig3,2.0,3.0,tic1981551646_s0056_o120_c4-2_Small,1981551646,19.793893158618413,Small,1387.6836722445582,auto_robust_abs,6137,6137,6137,3923,3923,0.23306139073781135,0.11297971530826462,0.4199864302210934,29,False,data_local/stage1_lightcurves/detrend_experiments/s56_h5_sample/1981551646.h5
bk2_sig5,2.0,5.0,tic1981551646_s0056_o120_c4-2_Small,1981551646,19.793893158618413,Small,1387.6836722445582,auto_robust_abs,6137,6137,6137,3923,3923,0.23120731910592532,0.11106484878053076,0.4073417094486038,29,False,data_local/stage1_lightcurves/detrend_experiments/s56_h5_sample/1981551646.h5
bk0.3_sig3,0.3,3.0,tic1981551646_s0056_o120_c4-2_Large,1981551646,19.793893158618413,Large,57980.02550641648,auto_robust_abs,6137,6137,6137,4320,4320,0.04900913581996762,0.007612442169641976,0.029786706937507512,29,False,data_local/stage1_lightcurves/detrend_experiments/s56_h5_sample/1981551646.h5
bk0.3_sig5,0.3,5.0,tic1981551646_s0056_o120_c4-2_Large,1981551646,19.793893158618413,Large,57980.02550641648,auto_robust_abs,6137,6137,6137,4320,4320,0.05419438462213611,0.0131241776905683,0.052890188339324795,29,False,data_local/stage1_lightcurves/detrend_experiments/s56_h5_sample/1981551646.h5
bk0.5_sig3,0.5,3.0,tic1981551646_s0056_o120_c4-2_Large,1981551646,19.793893158618413,Large,57980.02550641648,auto_robust_abs,6137,6137,6137,4320,4320,0.062391358024054794,0.021596072414297663,0.19030700722202265,29,False,data_local/stage1_lightcurves/detrend_experiments/s56_h5_sample/1981551646.h5
bk0.5_sig5,0.5,5.0,tic1981551646_s0056_o120_c4-2_Large,1981551646,19.793893158618413,Large,57980.02550641648,auto_robust_abs,6137,6137,6137,4320,4320,0.07244701951352092,0.034495453544771223,0.13349155138415636,29,False,data_local/stage1_lightcurves/detrend_experiments/s56_h5_sample/1981551646.h5
bk0.8_sig3,0.8,3.0,tic1981551646_s0056_o120_c4-2_Large,1981551646,19.793893158618413,Large,57980.02550641648,auto_robust_abs,6137,6137,6137,4320,4320,0.09204002106382123,0.04241438141985648,0.18818653795930063,29,False,data_local/stage1_lightcurves/detrend_experiments/s56_h5_sample/1981551646.h5
bk0.8_sig5,0.8,5.0,tic1981551646_s0056_o120_c4-2_Large,1981551646,19.793893158618413,Large,57980.02550641648,auto_robust_abs,6137,6137,6137,4320,4320,0.11599029498245883,0.057323003598053354,0.22732500349308726,29,False,data_local/stage1_lightcurves/detrend_experiments/s56_h5_sample/1981551646.h5
bk1.2_sig3,1.2,3.0,tic1981551646_s0056_o120_c4-2_Large,1981551646,19.793893158618413,Large,57980.02550641648,auto_robust_abs,6137,6137,6137,4320,4320,0.09664067889553186,0.05801421117672957,0.20036647427350207,29,False,data_local/stage1_lightcurves/detrend_experiments/s56_h5_sample/1981551646.h5
bk1.2_sig5,1.2,5.0,tic1981551646_s0056_o120_c4-2_Large,1981551646,19.793893158618413,Large,57980.02550641648,auto_robust_abs,6137,6137,6137,4320,4320,0.11044257815521513,0.07173678495713352,0.22075562345667987,29,False,data_local/stage1_lightcurves/detrend_experiments/s56_h5_sample/1981551646.h5
bk2_sig3,2.0,3.0,tic1981551646_s0056_o120_c4-2_Large,1981551646,19.793893158618413,Large,57980.02550641648,auto_robust_abs,6137,6137,6137,4320,4320,0.13422811053843461,0.08593984515067025,0.32316016483453114,29,False,data_local/stage1_lightcurves/detrend_experiments/s56_h5_sample/1981551646.h5
bk2_sig5,2.0,5.0,tic1981551646_s0056_o120_c4-2_Large,1981551646,19.793893158618413,Large,57980.02550641648,auto_robust_abs,6137,6137,6137,4320,4320,0.1262717086691012,0.09298919997621954,0.3992661475387437,29,False,data_local/stage1_lightcurves/detrend_experiments/s56_h5_sample/1981551646.h5
bk0.3_sig3,0.3,3.0,tic1981662747_s0056_o120_c4-2_Primary,1981662747,19.883507384287178,Primary,16873.439906752166,auto_robust_abs,6097,6097,6097,4223,4223,0.062125492479041936,0.00733481926514043,0.039683332065865495,29,False,data_local/stage1_lightcurves/detrend_experiments/s56_h5_sample/1981662747.h5
bk0.3_sig5,0.3,5.0,tic1981662747_s0056_o120_c4-2_Primary,1981662747,19.883507384287178,Primary,16873.439906752166,auto_robust_abs,6097,6097,6097,4223,4223,0.06509558915369196,0.010845643281185934,0.04311689599862767,29,False,data_local/stage1_lightcurves/detrend_experiments/s56_h5_sample/1981662747.h5
bk0.5_sig3,0.5,3.0,tic1981662747_s0056_o120_c4-2_Primary,1981662747,19.883507384287178,Primary,16873.439906752166,auto_robust_abs,6097,6097,6097,4223,4223,0.085934909000621,0.020465764433644413,0.12460966875745383,29,False,data_local/stage1_lightcurves/detrend_experiments/s56_h5_sample/1981662747.h5
bk0.5_sig5,0.5,5.0,tic1981662747_s0056_o120_c4-2_Primary,1981662747,19.883507384287178,Primary,16873.439906752166,auto_robust_abs,6097,6097,6097,4223,4223,0.08641395201454985,0.02014852379871991,0.09938867396230089,29,False,data_local/stage1_lightcurves/detrend_experiments/s56_h5_sample/1981662747.h5
bk0.8_sig3,0.8,3.0,tic1981662747_s0056_o120_c4-2_Primary,1981662747,19.883507384287178,Primary,16873.439906752166,auto_robust_abs,6097,6097,6097,4223,4223,0.11124019761481395,0.07148270935197025,0.2863986734238707,29,False,data_local/stage1_lightcurves/detrend_experiments/s56_h5_sample/1981662747.h5
bk0.8_sig5,0.8,5.0,tic1981662747_s0056_o120_c4-2_Primary,1981662747,19.883507384287178,Primary,16873.439906752166,auto_robust_abs,6097,6097,6097,4223,4223,0.1196202581388312,0.05244671666368641,0.2768765077409513,29,False,data_local/stage1_lightcurves/detrend_experiments/s56_h5_sample/1981662747.h5
bk1.2_sig3,1.2,3.0,tic1981662747_s0056_o120_c4-2_Primary,1981662747,19.883507384287178,Primary,16873.439906752166,auto_robust_abs,6097,6097,6097,4223,4223,0.11671958471957848,0.06537786750276012,0.2876698700964937,29,False,data_local/stage1_lightcurves/detrend_experiments/s56_h5_sample/1981662747.h5
bk1.2_sig5,1.2,5.0,tic1981662747_s0056_o120_c4-2_Primary,1981662747,19.883507384287178,Primary,16873.439906752166,auto_robust_abs,6097,6097,6097,4223,4223,0.1262724737673693,0.07409260559814512,0.31039474665011346,29,False,data_local/stage1_lightcurves/detrend_experiments/s56_h5_sample/1981662747.h5
bk2_sig3,2.0,3.0,tic1981662747_s0056_o120_c4-2_Primary,1981662747,19.883507384287178,Primary,16873.439906752166,auto_robust_abs,6097,6097,6097,4223,4223,0.159547223536956,0.11253731699920963,0.9084312624577177,29,False,data_local/stage1_lightcurves/detrend_experiments/s56_h5_sample/1981662747.h5
bk2_sig5,2.0,5.0,tic1981662747_s0056_o120_c4-2_Primary,1981662747,19.883507384287178,Primary,16873.439906752166,auto_robust_abs,6097,6097,6097,4223,4223,0.17159705837830622,0.10616398525106703,0.5833855840890716,29,False,data_local/stage1_lightcurves/detrend_experiments/s56_h5_sample/1981662747.h5
bk0.3_sig3,0.3,3.0,tic1981662747_s0056_o120_c4-2_Small,1981662747,19.883507384287178,Small,1642.5017683497417,auto_robust_abs,6097,6097,6097,4109,4109,0.11408969448863251,0.010852159060482224,0.04303695090396187,29,False,data_local/stage1_lightcurves/detrend_experiments/s56_h5_sample/1981662747.h5
bk0.3_sig5,0.3,5.0,tic1981662747_s0056_o120_c4-2_Small,1981662747,19.883507384287178,Small,1642.5017683497417,auto_robust_abs,6097,6097,6097,4109,4109,0.11578842335995224,0.007894035086051404,0.05789455182344583,29,False,data_local/stage1_lightcurves/detrend_experiments/s56_h5_sample/1981662747.h5
bk0.5_sig3,0.5,3.0,tic1981662747_s0056_o120_c4-2_Small,1981662747,19.883507384287178,Small,1642.5017683497417,auto_robust_abs,6097,6097,6097,4109,4109,0.13442571063679518,0.024955740144075374,0.10647094476704655,29,False,data_local/stage1_lightcurves/detrend_experiments/s56_h5_sample/1981662747.h5
bk0.5_sig5,0.5,5.0,tic1981662747_s0056_o120_c4-2_Small,1981662747,19.883507384287178,Small,1642.5017683497417,auto_robust_abs,6097,6097,6097,4109,4109,0.13573733311373545,0.022089797894193172,0.10802784834959778,29,False,data_local/stage1_lightcurves/detrend_experiments/s56_h5_sample/1981662747.h5
bk0.8_sig3,0.8,3.0,tic1981662747_s0056_o120_c4-2_Small,1981662747,19.883507384287178,Small,1642.5017683497417,auto_robust_abs,6097,6097,6097,4109,4109,0.15255301985719535,0.05091714174632853,0.33146548977975654,29,False,data_local/stage1_lightcurves/detrend_experiments/s56_h5_sample/1981662747.h5
bk0.8_sig5,0.8,5.0,tic1981662747_s0056_o120_c4-2_Small,1981662747,19.883507384287178,Small,1642.5017683497417,auto_robust_abs,6097,6097,6097,4109,4109,0.15810848149677045,0.05975489246688355,0.3200540183247562,29,False,data_local/stage1_lightcurves/detrend_experiments/s56_h5_sample/1981662747.h5
bk1.2_sig3,1.2,3.0,tic1981662747_s0056_o120_c4-2_Small,1981662747,19.883507384287178,Small,1642.5017683497417,auto_robust_abs,6097,6097,6097,4109,4109,0.1618128464545866,0.061940254906789595,0.32042505943621,29,False,data_local/stage1_lightcurves/detrend_experiments/s56_h5_sample/1981662747.h5
bk1.2_sig5,1.2,5.0,tic1981662747_s0056_o120_c4-2_Small,1981662747,19.883507384287178,Small,1642.5017683497417,auto_robust_abs,6097,6097,6097,4109,4109,0.1677449746507462,0.07560404086714645,0.3424485953390545,29,False,data_local/stage1_lightcurves/detrend_experiments/s56_h5_sample/1981662747.h5
bk2_sig3,2.0,3.0,tic1981662747_s0056_o120_c4-2_Small,1981662747,19.883507384287178,Small,1642.5017683497417,auto_robust_abs,6097,6097,6097,4109,4109,0.2195107901675316,0.12044310306737144,0.6679770505447015,29,False,data_local/stage1_lightcurves/detrend_experiments/s56_h5_sample/1981662747.h5
bk2_sig5,2.0,5.0,tic1981662747_s0056_o120_c4-2_Small,1981662747,19.883507384287178,Small,1642.5017683497417,auto_robust_abs,6097,6097,6097,4109,4109,0.22422204993025563,0.12841364678305434,0.6893630184736264,29,False,data_local/stage1_lightcurves/detrend_experiments/s56_h5_sample/1981662747.h5
bk0.3_sig3,0.3,3.0,tic1981662747_s0056_o120_c4-2_Large,1981662747,19.883507384287178,Large,43165.68536128503,auto_robust_abs,6097,6097,6097,4283,4283,0.057499391901164223,0.01302737807254807,0.045191247246542665,29,False,data_local/stage1_lightcurves/detrend_experiments/s56_h5_sample/1981662747.h5
bk0.3_sig5,0.3,5.0,tic1981662747_s0056_o120_c4-2_Large,1981662747,19.883507384287178,Large,43165.68536128503,auto_robust_abs,6097,6097,6097,4283,4283,0.06122810390505004,0.014738206026682348,0.048947721742315875,29,False,data_local/stage1_lightcurves/detrend_experiments/s56_h5_sample/1981662747.h5
bk0.5_sig3,0.5,3.0,tic1981662747_s0056_o120_c4-2_Large,1981662747,19.883507384287178,Large,43165.68536128503,auto_robust_abs,6097,6097,6097,4283,4283,0.08565341750394923,0.024117476166729004,0.12042418129988652,29,False,data_local/stage1_lightcurves/detrend_experiments/s56_h5_sample/1981662747.h5
bk0.5_sig5,0.5,5.0,tic1981662747_s0056_o120_c4-2_Large,1981662747,19.883507384287178,Large,43165.68536128503,auto_robust_abs,6097,6097,6097,4283,4283,0.08721194282462526,0.02666595528882732,0.10499955086844825,29,False,data_local/stage1_lightcurves/detrend_experiments/s56_h5_sample/1981662747.h5
bk0.8_sig3,0.8,3.0,tic1981662747_s0056_o120_c4-2_Large,1981662747,19.883507384287178,Large,43165.68536128503,auto_robust_abs,6097,6097,6097,4283,4283,0.11393627701160045,0.06339420231038917,0.3242300164023647,29,False,data_local/stage1_lightcurves/detrend_experiments/s56_h5_sample/1981662747.h5
bk0.8_sig5,0.8,5.0,tic1981662747_s0056_o120_c4-2_Large,1981662747,19.883507384287178,Large,43165.68536128503,auto_robust_abs,6097,6097,6097,4283,4283,0.12310586907447144,0.058980857750599025,0.30149071902547886,29,False,data_local/stage1_lightcurves/detrend_experiments/s56_h5_sample/1981662747.h5
bk1.2_sig3,1.2,3.0,tic1981662747_s0056_o120_c4-2_Large,1981662747,19.883507384287178,Large,43165.68536128503,auto_robust_abs,6097,6097,6097,4283,4283,0.11996024553926475,0.07322991186259918,0.30616918334373033,29,False,data_local/stage1_lightcurves/detrend_experiments/s56_h5_sample/1981662747.h5
bk1.2_sig5,1.2,5.0,tic1981662747_s0056_o120_c4-2_Large,1981662747,19.883507384287178,Large,43165.68536128503,auto_robust_abs,6097,6097,6097,4283,4283,0.13111829020935878,0.05584777853484641,0.33268130618081193,29,False,data_local/stage1_lightcurves/detrend_experiments/s56_h5_sample/1981662747.h5
bk2_sig3,2.0,3.0,tic1981662747_s0056_o120_c4-2_Large,1981662747,19.883507384287178,Large,43165.68536128503,auto_robust_abs,6097,6097,6097,4283,4283,0.16040389414410375,0.12124061496116738,0.9410026487909908,29,False,data_local/stage1_lightcurves/detrend_experiments/s56_h5_sample/1981662747.h5
bk2_sig5,2.0,5.0,tic1981662747_s0056_o120_c4-2_Large,1981662747,19.883507384287178,Large,43165.68536128503,auto_robust_abs,6097,6097,6097,4283,4283,0.17587246747582785,0.10923457175639673,0.6148194021752568,29,False,data_local/stage1_lightcurves/detrend_experiments/s56_h5_sample/1981662747.h5
bk0.3_sig3,0.3,3.0,tic2014550155_s0056_o120_c3-2_Primary,2014550155,19.301780029763705,Primary,7713.796334213594,auto_robust_abs,6137,6137,6137,4130,4130,0.10476119117983718,0.007775882142234267,0.02138358045798272,29,False,data_local/stage1_lightcurves/detrend_experiments/s56_h5_sample/2014550155.h5
bk0.3_sig5,0.3,5.0,tic2014550155_s0056_o120_c3-2_Primary,2014550155,19.301780029763705,Primary,7713.796334213594,auto_robust_abs,6137,6137,6137,4130,4130,0.10455069411255977,0.009108191362390959,0.024011625230992095,29,False,data_local/stage1_lightcurves/detrend_experiments/s56_h5_sample/2014550155.h5
bk0.5_sig3,0.5,3.0,tic2014550155_s0056_o120_c3-2_Primary,2014550155,19.301780029763705,Primary,7713.796334213594,auto_robust_abs,6137,6137,6137,4130,4130,0.12213019619021807,0.022605951994388737,0.15379514006985018,29,False,data_local/stage1_lightcurves/detrend_experiments/s56_h5_sample/2014550155.h5
bk0.5_sig5,0.5,5.0,tic2014550155_s0056_o120_c3-2_Primary,2014550155,19.301780029763705,Primary,7713.796334213594,auto_robust_abs,6137,6137,6137,4130,4130,0.12607796395281934,0.022466347418490545,0.20364172063448416,29,False,data_local/stage1_lightcurves/detrend_experiments/s56_h5_sample/2014550155.h5
bk0.8_sig3,0.8,3.0,tic2014550155_s0056_o120_c3-2_Primary,2014550155,19.301780029763705,Primary,7713.796334213594,auto_robust_abs,6137,6137,6137,4130,4130,0.12384510156829602,0.026166531676499464,0.2216263005885306,29,False,data_local/stage1_lightcurves/detrend_experiments/s56_h5_sample/2014550155.h5
bk0.8_sig5,0.8,5.0,tic2014550155_s0056_o120_c3-2_Primary,2014550155,19.301780029763705,Primary,7713.796334213594,auto_robust_abs,6137,6137,6137,4130,4130,0.12640989021433985,0.028587729307789564,0.20388517103385795,29,False,data_local/stage1_lightcurves/detrend_experiments/s56_h5_sample/2014550155.h5
bk1.2_sig3,1.2,3.0,tic2014550155_s0056_o120_c3-2_Primary,2014550155,19.301780029763705,Primary,7713.796334213594,auto_robust_abs,6137,6137,6137,4130,4130,0.1344473786840576,0.04233658356016002,0.18316878030002415,29,False,data_local/stage1_lightcurves/detrend_experiments/s56_h5_sample/2014550155.h5
bk1.2_sig5,1.2,5.0,tic2014550155_s0056_o120_c3-2_Primary,2014550155,19.301780029763705,Primary,7713.796334213594,auto_robust_abs,6137,6137,6137,4130,4130,0.139610204626174,0.055153973432193686,0.24926814783891205,29,False,data_local/stage1_lightcurves/detrend_experiments/s56_h5_sample/2014550155.h5
bk2_sig3,2.0,3.0,tic2014550155_s0056_o120_c3-2_Primary,2014550155,19.301780029763705,Primary,7713.796334213594,auto_robust_abs,6137,6137,6137,4130,4130,0.14445164060215518,0.062153064478368165,0.23184799188057326,29,False,data_local/stage1_lightcurves/detrend_experiments/s56_h5_sample/2014550155.h5
bk2_sig5,2.0,5.0,tic2014550155_s0056_o120_c3-2_Primary,2014550155,19.301780029763705,Primary,7713.796334213594,auto_robust_abs,6137,6137,6137,4130,4130,0.14308559615273742,0.058060808005489906,0.27704305099684745,29,False,data_local/stage1_lightcurves/detrend_experiments/s56_h5_sample/2014550155.h5
bk0.3_sig3,0.3,3.0,tic2014550155_s0056_o120_c3-2_Small,2014550155,19.301780029763705,Small,641.3328543549526,auto_robust_abs,6137,6137,6137,3590,3590,0.373498907817097,0.03508587992952198,0.07577444258085364,29,False,data_local/stage1_lightcurves/detrend_experiments/s56_h5_sample/2014550155.h5
bk0.3_sig5,0.3,5.0,tic2014550155_s0056_o120_c3-2_Small,2014550155,19.301780029763705,Small,641.3328543549526,auto_robust_abs,6137,6137,6137,3590,3590,0.37382894946907136,0.0342249659707109,0.0824479587158764,29,False,data_local/stage1_lightcurves/detrend_experiments/s56_h5_sample/2014550155.h5
bk0.5_sig3,0.5,3.0,tic2014550155_s0056_o120_c3-2_Small,2014550155,19.301780029763705,Small,641.3328543549526,auto_robust_abs,6137,6137,6137,3590,3590,0.3878917403443749,0.061798484510055506,0.2287077671033626,29,False,data_local/stage1_lightcurves/detrend_experiments/s56_h5_sample/2014550155.h5
bk0.5_sig5,0.5,5.0,tic2014550155_s0056_o120_c3-2_Small,2014550155,19.301780029763705,Small,641.3328543549526,auto_robust_abs,6137,6137,6137,3590,3590,0.389638228023581,0.06315727371060846,0.2339104138073259,29,False,data_local/stage1_lightcurves/detrend_experiments/s56_h5_sample/2014550155.h5
bk0.8_sig3,0.8,3.0,tic2014550155_s0056_o120_c3-2_Small,2014550155,19.301780029763705,Small,641.3328543549526,auto_robust_abs,6137,6137,6137,3590,3590,0.3914975255788971,0.06442625018892037,0.2714258750396269,29,False,data_local/stage1_lightcurves/detrend_experiments/s56_h5_sample/2014550155.h5
bk0.8_sig5,0.8,5.0,tic2014550155_s0056_o120_c3-2_Small,2014550155,19.301780029763705,Small,641.3328543549526,auto_robust_abs,6137,6137,6137,3590,3590,0.39149134373010347,0.06424493597044705,0.274879909670815,29,False,data_local/stage1_lightcurves/detrend_experiments/s56_h5_sample/2014550155.h5
bk1.2_sig3,1.2,3.0,tic2014550155_s0056_o120_c3-2_Small,2014550155,19.301780029763705,Small,641.3328543549526,auto_robust_abs,6137,6137,6137,3590,3590,0.4022770764723523,0.09383380031808596,0.32781731644572654,29,False,data_local/stage1_lightcurves/detrend_experiments/s56_h5_sample/2014550155.h5
bk1.2_sig5,1.2,5.0,tic2014550155_s0056_o120_c3-2_Small,2014550155,19.301780029763705,Small,641.3328543549526,auto_robust_abs,6137,6137,6137,3590,3590,0.4026199957630352,0.09642473066921284,0.3361450814143263,29,False,data_local/stage1_lightcurves/detrend_experiments/s56_h5_sample/2014550155.h5
bk2_sig3,2.0,3.0,tic2014550155_s0056_o120_c3-2_Small,2014550155,19.301780029763705,Small,641.3328543549526,auto_robust_abs,6137,6137,6137,3590,3590,0.41587894107645745,0.09743862652782474,0.47420526916211514,29,False,data_local/stage1_lightcurves/detrend_experiments/s56_h5_sample/2014550155.h5
bk2_sig5,2.0,5.0,tic2014550155_s0056_o120_c3-2_Small,2014550155,19.301780029763705,Small,641.3328543549526,auto_robust_abs,6137,6137,6137,3590,3590,0.4152927623801158,0.1035539927417293,0.42771017203382444,29,False,data_local/stage1_lightcurves/detrend_experiments/s56_h5_sample/2014550155.h5
bk0.3_sig3,0.3,3.0,tic2014550155_s0056_o120_c3-2_Large,2014550155,19.301780029763705,Large,22544.861235688375,auto_robust_abs,6137,6137,6137,4259,4259,0.07081883797436284,0.004852097820334693,0.022142251687663927,29,False,data_local/stage1_lightcurves/detrend_experiments/s56_h5_sample/2014550155.h5
bk0.3_sig5,0.3,5.0,tic2014550155_s0056_o120_c3-2_Large,2014550155,19.301780029763705,Large,22544.861235688375,auto_robust_abs,6137,6137,6137,4259,4259,0.07127272746841248,0.00573638749629223,0.025151973633775304,29,False,data_local/stage1_lightcurves/detrend_experiments/s56_h5_sample/2014550155.h5
bk0.5_sig3,0.5,3.0,tic2014550155_s0056_o120_c3-2_Large,2014550155,19.301780029763705,Large,22544.861235688375,auto_robust_abs,6137,6137,6137,4259,4259,0.08675262411181345,0.023442625995647132,0.14241075854456098,29,False,data_local/stage1_lightcurves/detrend_experiments/s56_h5_sample/2014550155.h5
bk0.5_sig5,0.5,5.0,tic2014550155_s0056_o120_c3-2_Large,2014550155,19.301780029763705,Large,22544.861235688375,auto_robust_abs,6137,6137,6137,4259,4259,0.09124976571038504,0.02249565027314409,0.2051762609575194,29,False,data_local/stage1_lightcurves/detrend_experiments/s56_h5_sample/2014550155.h5
bk0.8_sig3,0.8,3.0,tic2014550155_s0056_o120_c3-2_Large,2014550155,19.301780029763705,Large,22544.861235688375,auto_robust_abs,6137,6137,6137,4259,4259,0.08840926939531987,0.03572234522279356,0.212765403940399,29,False,data_local/stage1_lightcurves/detrend_experiments/s56_h5_sample/2014550155.h5
bk0.8_sig5,0.8,5.0,tic2014550155_s0056_o120_c3-2_Large,2014550155,19.301780029763705,Large,22544.861235688375,auto_robust_abs,6137,6137,6137,4259,4259,0.09256557253466201,0.031427085044176885,0.19877548709931614,29,False,data_local/stage1_lightcurves/detrend_experiments/s56_h5_sample/2014550155.h5
bk1.2_sig3,1.2,3.0,tic2014550155_s0056_o120_c3-2_Large,2014550155,19.301780029763705,Large,22544.861235688375,auto_robust_abs,6137,6137,6137,4259,4259,0.09589209054695079,0.03067311697836198,0.19035905453549873,29,False,data_local/stage1_lightcurves/detrend_experiments/s56_h5_sample/2014550155.h5
bk1.2_sig5,1.2,5.0,tic2014550155_s0056_o120_c3-2_Large,2014550155,19.301780029763705,Large,22544.861235688375,auto_robust_abs,6137,6137,6137,4259,4259,0.1044521573918006,0.040096048954775365,0.2156382628547694,29,False,data_local/stage1_lightcurves/detrend_experiments/s56_h5_sample/2014550155.h5
bk2_sig3,2.0,3.0,tic2014550155_s0056_o120_c3-2_Large,2014550155,19.301780029763705,Large,22544.861235688375,auto_robust_abs,6137,6137,6137,4259,4259,0.11647226676921664,0.06730788983261772,0.23390095378987796,29,False,data_local/stage1_lightcurves/detrend_experiments/s56_h5_sample/2014550155.h5
bk2_sig5,2.0,5.0,tic2014550155_s0056_o120_c3-2_Large,2014550155,19.301780029763705,Large,22544.861235688375,auto_robust_abs,6137,6137,6137,4259,4259,0.11678950203623063,0.05556335611339535,0.25650134085749443,29,False,data_local/stage1_lightcurves/detrend_experiments/s56_h5_sample/2014550155.h5
bk0.3_sig3,0.3,3.0,tic2041357363_s0056_o120_c2-4_Primary,2041357363,19.800851453693756,Primary,12925.067463872449,auto_robust_abs,6137,6137,6137,4256,4256,0.1260505477769447,0.005213244373659857,0.028537395571516355,29,False,data_local/stage1_lightcurves/detrend_experiments/s56_h5_sample/2041357363.h5
bk0.3_sig5,0.3,5.0,tic2041357363_s0056_o120_c2-4_Primary,2041357363,19.800851453693756,Primary,12925.067463872449,auto_robust_abs,6137,6137,6137,4256,4256,0.12684908941075163,0.005568763121742162,0.02715599979900718,29,False,data_local/stage1_lightcurves/detrend_experiments/s56_h5_sample/2041357363.h5
bk0.5_sig3,0.5,3.0,tic2041357363_s0056_o120_c2-4_Primary,2041357363,19.800851453693756,Primary,12925.067463872449,auto_robust_abs,6137,6137,6137,4256,4256,0.1303563349889592,0.01660981248891264,0.07042599920020454,29,False,data_local/stage1_lightcurves/detrend_experiments/s56_h5_sample/2041357363.h5
bk0.5_sig5,0.5,5.0,tic2041357363_s0056_o120_c2-4_Primary,2041357363,19.800851453693756,Primary,12925.067463872449,auto_robust_abs,6137,6137,6137,4256,4256,0.13108430578964236,0.01733205791901577,0.0694890578463696,29,False,data_local/stage1_lightcurves/detrend_experiments/s56_h5_sample/2041357363.h5
bk0.8_sig3,0.8,3.0,tic2041357363_s0056_o120_c2-4_Primary,2041357363,19.800851453693756,Primary,12925.067463872449,auto_robust_abs,6137,6137,6137,4256,4256,0.13305814562389115,0.027567534724914695,0.10258525213666903,29,False,data_local/stage1_lightcurves/detrend_experiments/s56_h5_sample/2041357363.h5
bk0.8_sig5,0.8,5.0,tic2041357363_s0056_o120_c2-4_Primary,2041357363,19.800851453693756,Primary,12925.067463872449,auto_robust_abs,6137,6137,6137,4256,4256,0.13386063651437097,0.021862516438110595,0.1064291064828643,29,False,data_local/stage1_lightcurves/detrend_experiments/s56_h5_sample/2041357363.h5
bk1.2_sig3,1.2,3.0,tic2041357363_s0056_o120_c2-4_Primary,2041357363,19.800851453693756,Primary,12925.067463872449,auto_robust_abs,6137,6137,6137,4256,4256,0.13598218738812443,0.02361895464694402,0.13072656518525028,29,False,data_local/stage1_lightcurves/detrend_experiments/s56_h5_sample/2041357363.h5
bk1.2_sig5,1.2,5.0,tic2041357363_s0056_o120_c2-4_Primary,2041357363,19.800851453693756,Primary,12925.067463872449,auto_robust_abs,6137,6137,6137,4256,4256,0.13664644799609085,0.026872492691454242,0.1333590362615984,29,False,data_local/stage1_lightcurves/detrend_experiments/s56_h5_sample/2041357363.h5
bk2_sig3,2.0,3.0,tic2041357363_s0056_o120_c2-4_Primary,2041357363,19.800851453693756,Primary,12925.067463872449,auto_robust_abs,6137,6137,6137,4256,4256,0.14401038020403967,0.05427841810075408,0.20025504081944534,29,False,data_local/stage1_lightcurves/detrend_experiments/s56_h5_sample/2041357363.h5
bk2_sig5,2.0,5.0,tic2041357363_s0056_o120_c2-4_Primary,2041357363,19.800851453693756,Primary,12925.067463872449,auto_robust_abs,6137,6137,6137,4256,4256,0.14436342030772498,0.05327566091238059,0.18096019099694605,29,False,data_local/stage1_lightcurves/detrend_experiments/s56_h5_sample/2041357363.h5
bk0.3_sig3,0.3,3.0,tic2041357363_s0056_o120_c2-4_Small,2041357363,19.800851453693756,Small,749.0682649329216,auto_robust_abs,6137,6137,6137,3946,3946,0.32141579625974054,0.016799917229931915,0.06068439651299451,29,False,data_local/stage1_lightcurves/detrend_experiments/s56_h5_sample/2041357363.h5
bk0.3_sig5,0.3,5.0,tic2041357363_s0056_o120_c2-4_Small,2041357363,19.800851453693756,Small,749.0682649329216,auto_robust_abs,6137,6137,6137,3946,3946,0.3219934123134152,0.016650009676015237,0.0559214531227884,29,False,data_local/stage1_lightcurves/detrend_experiments/s56_h5_sample/2041357363.h5
bk0.5_sig3,0.5,3.0,tic2041357363_s0056_o120_c2-4_Small,2041357363,19.800851453693756,Small,749.0682649329216,auto_robust_abs,6137,6137,6137,3946,3946,0.3266806702374203,0.022931580751330623,0.13844476220946988,29,False,data_local/stage1_lightcurves/detrend_experiments/s56_h5_sample/2041357363.h5
bk0.5_sig5,0.5,5.0,tic2041357363_s0056_o120_c2-4_Small,2041357363,19.800851453693756,Small,749.0682649329216,auto_robust_abs,6137,6137,6137,3946,3946,0.32710706010556073,0.021470969314916696,0.130806161702964,29,False,data_local/stage1_lightcurves/detrend_experiments/s56_h5_sample/2041357363.h5
bk0.8_sig3,0.8,3.0,tic2041357363_s0056_o120_c2-4_Small,2041357363,19.800851453693756,Small,749.0682649329216,auto_robust_abs,6137,6137,6137,3946,3946,0.32627419911298555,0.020614904442633926,0.1398561500550607,29,False,data_local/stage1_lightcurves/detrend_experiments/s56_h5_sample/2041357363.h5
bk0.8_sig5,0.8,5.0,tic2041357363_s0056_o120_c2-4_Small,2041357363,19.800851453693756,Small,749.0682649329216,auto_robust_abs,6137,6137,6137,3946,3946,0.32489249100169265,0.025904837761817946,0.13605934770564332,29,False,data_local/stage1_lightcurves/detrend_experiments/s56_h5_sample/2041357363.h5
bk1.2_sig3,1.2,3.0,tic2041357363_s0056_o120_c2-4_Small,2041357363,19.800851453693756,Small,749.0682649329216,auto_robust_abs,6137,6137,6137,3946,3946,0.3287815098456766,0.02567823408126929,0.2119174664538359,29,False,data_local/stage1_lightcurves/detrend_experiments/s56_h5_sample/2041357363.h5
bk1.2_sig5,1.2,5.0,tic2041357363_s0056_o120_c2-4_Small,2041357363,19.800851453693756,Small,749.0682649329216,auto_robust_abs,6137,6137,6137,3946,3946,0.3293913369574008,0.02500614043448706,0.20938786594693815,29,False,data_local/stage1_lightcurves/detrend_experiments/s56_h5_sample/2041357363.h5
bk2_sig3,2.0,3.0,tic2041357363_s0056_o120_c2-4_Small,2041357363,19.800851453693756,Small,749.0682649329216,auto_robust_abs,6137,6137,6137,3946,3946,0.3334353765205451,0.04364996229996906,0.20148643091203944,29,False,data_local/stage1_lightcurves/detrend_experiments/s56_h5_sample/2041357363.h5
bk2_sig5,2.0,5.0,tic2041357363_s0056_o120_c2-4_Small,2041357363,19.800851453693756,Small,749.0682649329216,auto_robust_abs,6137,6137,6137,3946,3946,0.33351349223238846,0.040519725413156404,0.20840508837975624,29,False,data_local/stage1_lightcurves/detrend_experiments/s56_h5_sample/2041357363.h5
bk0.3_sig3,0.3,3.0,tic2041357363_s0056_o120_c2-4_Large,2041357363,19.800851453693756,Large,42679.25365747908,auto_robust_abs,6137,6137,6137,3134,3134,0.33169614221581073,0.02775145714320866,0.07778620001186265,29,False,data_local/stage1_lightcurves/detrend_experiments/s56_h5_sample/2041357363.h5
bk0.3_sig5,0.3,5.0,tic2041357363_s0056_o120_c2-4_Large,2041357363,19.800851453693756,Large,42679.25365747908,auto_robust_abs,6137,6137,6137,3134,3134,0.3323605492228094,0.025468629869569256,0.07286963709456784,29,False,data_local/stage1_lightcurves/detrend_experiments/s56_h5_sample/2041357363.h5
bk0.5_sig3,0.5,3.0,tic2041357363_s0056_o120_c2-4_Large,2041357363,19.800851453693756,Large,42679.25365747908,auto_robust_abs,6137,6137,6137,3134,3134,0.3563533735026618,0.04285569592071899,0.23497053848286864,29,False,data_local/stage1_lightcurves/detrend_experiments/s56_h5_sample/2041357363.h5
bk0.5_sig5,0.5,5.0,tic2041357363_s0056_o120_c2-4_Large,2041357363,19.800851453693756,Large,42679.25365747908,auto_robust_abs,6137,6137,6137,3134,3134,0.3571980969120473,0.03863999442936916,0.21560664803593255,29,False,data_local/stage1_lightcurves/detrend_experiments/s56_h5_sample/2041357363.h5
bk0.8_sig3,0.8,3.0,tic2041357363_s0056_o120_c2-4_Large,2041357363,19.800851453693756,Large,42679.25365747908,auto_robust_abs,6137,6137,6137,3134,3134,0.36214804821998964,0.0616330350130927,0.3720163487773236,29,False,data_local/stage1_lightcurves/detrend_experiments/s56_h5_sample/2041357363.h5
bk0.8_sig5,0.8,5.0,tic2041357363_s0056_o120_c2-4_Large,2041357363,19.800851453693756,Large,42679.25365747908,auto_robust_abs,6137,6137,6137,3134,3134,0.3634583234374761,0.08543682076809811,0.3962514075620701,29,False,data_local/stage1_lightcurves/detrend_experiments/s56_h5_sample/2041357363.h5
bk1.2_sig3,1.2,3.0,tic2041357363_s0056_o120_c2-4_Large,2041357363,19.800851453693756,Large,42679.25365747908,auto_robust_abs,6137,6137,6137,3134,3134,0.3784791280685647,0.1124557581418851,0.507332677728128,29,False,data_local/stage1_lightcurves/detrend_experiments/s56_h5_sample/2041357363.h5
bk1.2_sig5,1.2,5.0,tic2041357363_s0056_o120_c2-4_Large,2041357363,19.800851453693756,Large,42679.25365747908,auto_robust_abs,6137,6137,6137,3134,3134,0.38269813819994436,0.12498962069733195,0.4906497364925668,29,False,data_local/stage1_lightcurves/detrend_experiments/s56_h5_sample/2041357363.h5
bk2_sig3,2.0,3.0,tic2041357363_s0056_o120_c2-4_Large,2041357363,19.800851453693756,Large,42679.25365747908,auto_robust_abs,6137,6137,6137,3134,3134,0.4022779009175814,0.16686364660065073,0.8136243347096144,29,False,data_local/stage1_lightcurves/detrend_experiments/s56_h5_sample/2041357363.h5
bk2_sig5,2.0,5.0,tic2041357363_s0056_o120_c2-4_Large,2041357363,19.800851453693756,Large,42679.25365747908,auto_robust_abs,6137,6137,6137,3134,3134,0.4058029779852449,0.12638487963173667,0.8308841926526992,29,False,data_local/stage1_lightcurves/detrend_experiments/s56_h5_sample/2041357363.h5
bk0.3_sig3,0.3,3.0,tic2053290277_s0056_o120_c1-4_Primary,2053290277,19.871883537366276,Primary,2460.9825774131928,auto_robust_abs,6137,6137,6137,4183,4183,0.2219670153598902,0.013244725375079005,0.06482008426227226,29,False,data_local/stage1_lightcurves/detrend_experiments/s56_h5_sample/2053290277.h5
bk0.3_sig5,0.3,5.0,tic2053290277_s0056_o120_c1-4_Primary,2053290277,19.871883537366276,Primary,2460.9825774131928,auto_robust_abs,6137,6137,6137,4183,4183,0.22153378298866855,0.013376995289212348,0.06358317866112007,29,False,data_local/stage1_lightcurves/detrend_experiments/s56_h5_sample/2053290277.h5
bk0.5_sig3,0.5,3.0,tic2053290277_s0056_o120_c1-4_Primary,2053290277,19.871883537366276,Primary,2460.9825774131928,auto_robust_abs,6137,6137,6137,4183,4183,0.24249262002293687,0.05621565127088105,0.20784192954513359,29,False,data_local/stage1_lightcurves/detrend_experiments/s56_h5_sample/2053290277.h5
bk0.5_sig5,0.5,5.0,tic2053290277_s0056_o120_c1-4_Primary,2053290277,19.871883537366276,Primary,2460.9825774131928,auto_robust_abs,6137,6137,6137,4183,4183,0.242938084081995,0.055314304677127474,0.20611728031435395,29,False,data_local/stage1_lightcurves/detrend_experiments/s56_h5_sample/2053290277.h5
bk0.8_sig3,0.8,3.0,tic2053290277_s0056_o120_c1-4_Primary,2053290277,19.871883537366276,Primary,2460.9825774131928,auto_robust_abs,6137,6137,6137,4183,4183,0.24935959872453903,0.0529755339079052,0.2383033143877692,29,False,data_local/stage1_lightcurves/detrend_experiments/s56_h5_sample/2053290277.h5
bk0.8_sig5,0.8,5.0,tic2053290277_s0056_o120_c1-4_Primary,2053290277,19.871883537366276,Primary,2460.9825774131928,auto_robust_abs,6137,6137,6137,4183,4183,0.24956790975295812,0.05897348781042861,0.2394392817909914,29,False,data_local/stage1_lightcurves/detrend_experiments/s56_h5_sample/2053290277.h5
bk1.2_sig3,1.2,3.0,tic2053290277_s0056_o120_c1-4_Primary,2053290277,19.871883537366276,Primary,2460.9825774131928,auto_robust_abs,6137,6137,6137,4183,4183,0.25533407643942,0.08493881661964257,0.3111928717547472,29,False,data_local/stage1_lightcurves/detrend_experiments/s56_h5_sample/2053290277.h5
bk1.2_sig5,1.2,5.0,tic2053290277_s0056_o120_c1-4_Primary,2053290277,19.871883537366276,Primary,2460.9825774131928,auto_robust_abs,6137,6137,6137,4183,4183,0.2550476255782731,0.08544770168922615,0.30949065862290537,29,False,data_local/stage1_lightcurves/detrend_experiments/s56_h5_sample/2053290277.h5
bk2_sig3,2.0,3.0,tic2053290277_s0056_o120_c1-4_Primary,2053290277,19.871883537366276,Primary,2460.9825774131928,auto_robust_abs,6137,6137,6137,4183,4183,0.27791716469558175,0.09653021509132187,0.4927728037308191,29,False,data_local/stage1_lightcurves/detrend_experiments/s56_h5_sample/2053290277.h5
bk2_sig5,2.0,5.0,tic2053290277_s0056_o120_c1-4_Primary,2053290277,19.871883537366276,Primary,2460.9825774131928,auto_robust_abs,6137,6137,6137,4183,4183,0.2777693452204494,0.09700005191295202,0.48662289513227175,29,False,data_local/stage1_lightcurves/detrend_experiments/s56_h5_sample/2053290277.h5
bk0.3_sig3,0.3,3.0,tic2053290277_s0056_o120_c1-4_Small,2053290277,19.871883537366276,Small,293.4206572723704,auto_robust_abs,6137,6137,6137,3266,3266,0.5962617940736161,0.0371243122458713,0.10526980685834986,29,False,data_local/stage1_lightcurves/detrend_experiments/s56_h5_sample/2053290277.h5
bk0.3_sig5,0.3,5.0,tic2053290277_s0056_o120_c1-4_Small,2053290277,19.871883537366276,Small,293.4206572723704,auto_robust_abs,6137,6137,6137,3266,3266,0.5990561833645698,0.031204883157745767,0.098076676766362,29,False,data_local/stage1_lightcurves/detrend_experiments/s56_h5_sample/2053290277.h5
bk0.5_sig3,0.5,3.0,tic2053290277_s0056_o120_c1-4_Small,2053290277,19.871883537366276,Small,293.4206572723704,auto_robust_abs,6137,6137,6137,3266,3266,0.5986683747189531,0.055778940151877614,0.20936607363780013,29,False,data_local/stage1_lightcurves/detrend_experiments/s56_h5_sample/2053290277.h5
bk0.5_sig5,0.5,5.0,tic2053290277_s0056_o120_c1-4_Small,2053290277,19.871883537366276,Small,293.4206572723704,auto_robust_abs,6137,6137,6137,3266,3266,0.5991567898836274,0.05820015539267429,0.18781629103577324,29,False,data_local/stage1_lightcurves/detrend_experiments/s56_h5_sample/2053290277.h5
bk0.8_sig3,0.8,3.0,tic2053290277_s0056_o120_c1-4_Small,2053290277,19.871883537366276,Small,293.4206572723704,auto_robust_abs,6137,6137,6137,3266,3266,0.6047106648584344,0.07179877701194091,0.21620407784249207,29,False,data_local/stage1_lightcurves/detrend_experiments/s56_h5_sample/2053290277.h5
bk0.8_sig5,0.8,5.0,tic2053290277_s0056_o120_c1-4_Small,2053290277,19.871883537366276,Small,293.4206572723704,auto_robust_abs,6137,6137,6137,3266,3266,0.6048118473239861,0.07219109273489283,0.2349016848217258,29,False,data_local/stage1_lightcurves/detrend_experiments/s56_h5_sample/2053290277.h5
bk1.2_sig3,1.2,3.0,tic2053290277_s0056_o120_c1-4_Small,2053290277,19.871883537366276,Small,293.4206572723704,auto_robust_abs,6137,6137,6137,3266,3266,0.6123324198706255,0.08834486347414218,0.2967122844171246,29,False,data_local/stage1_lightcurves/detrend_experiments/s56_h5_sample/2053290277.h5
bk1.2_sig5,1.2,5.0,tic2053290277_s0056_o120_c1-4_Small,2053290277,19.871883537366276,Small,293.4206572723704,auto_robust_abs,6137,6137,6137,3266,3266,0.6124358723819888,0.07664932744804388,0.3010996890937584,29,False,data_local/stage1_lightcurves/detrend_experiments/s56_h5_sample/2053290277.h5
bk2_sig3,2.0,3.0,tic2053290277_s0056_o120_c1-4_Small,2053290277,19.871883537366276,Small,293.4206572723704,auto_robust_abs,6137,6137,6137,3266,3266,0.6118287967146692,0.11248545983756722,0.4298622426886549,29,False,data_local/stage1_lightcurves/detrend_experiments/s56_h5_sample/2053290277.h5
bk2_sig5,2.0,5.0,tic2053290277_s0056_o120_c1-4_Small,2053290277,19.871883537366276,Small,293.4206572723704,auto_robust_abs,6137,6137,6137,3266,3266,0.6123797843377455,0.1150990727022106,0.4215624177912911,29,False,data_local/stage1_lightcurves/detrend_experiments/s56_h5_sample/2053290277.h5
bk0.3_sig3,0.3,3.0,tic2053290277_s0056_o120_c1-4_Large,2053290277,19.871883537366276,Large,7850.3286290062315,auto_robust_abs,6137,6137,6137,4249,4249,0.12914324136374344,0.00761291706590451,0.020419469294032377,29,False,data_local/stage1_lightcurves/detrend_experiments/s56_h5_sample/2053290277.h5
bk0.3_sig5,0.3,5.0,tic2053290277_s0056_o120_c1-4_Large,2053290277,19.871883537366276,Large,7850.3286290062315,auto_robust_abs,6137,6137,6137,4249,4249,0.12911120130975087,0.008248759674655251,0.02084512345038736,29,False,data_local/stage1_lightcurves/detrend_experiments/s56_h5_sample/2053290277.h5
bk0.5_sig3,0.5,3.0,tic2053290277_s0056_o120_c1-4_Large,2053290277,19.871883537366276,Large,7850.3286290062315,auto_robust_abs,6137,6137,6137,4249,4249,0.14905288185966822,0.03906427030109807,0.1447666382712589,29,False,data_local/stage1_lightcurves/detrend_experiments/s56_h5_sample/2053290277.h5
bk0.5_sig5,0.5,5.0,tic2053290277_s0056_o120_c1-4_Large,2053290277,19.871883537366276,Large,7850.3286290062315,auto_robust_abs,6137,6137,6137,4249,4249,0.1492939880643175,0.03988451561727174,0.1443543091304006,29,False,data_local/stage1_lightcurves/detrend_experiments/s56_h5_sample/2053290277.h5
bk0.8_sig3,0.8,3.0,tic2053290277_s0056_o120_c1-4_Large,2053290277,19.871883537366276,Large,7850.3286290062315,auto_robust_abs,6137,6137,6137,4249,4249,0.15682024255885402,0.04869647516881707,0.17283069410731378,29,False,data_local/stage1_lightcurves/detrend_experiments/s56_h5_sample/2053290277.h5
bk0.8_sig5,0.8,5.0,tic2053290277_s0056_o120_c1-4_Large,2053290277,19.871883537366276,Large,7850.3286290062315,auto_robust_abs,6137,6137,6137,4249,4249,0.15691135992375338,0.05776847709635479,0.16724058199402103,29,False,data_local/stage1_lightcurves/detrend_experiments/s56_h5_sample/2053290277.h5
bk1.2_sig3,1.2,3.0,tic2053290277_s0056_o120_c1-4_Large,2053290277,19.871883537366276,Large,7850.3286290062315,auto_robust_abs,6137,6137,6137,4249,4249,0.1596532007717845,0.0726961107400172,0.24334048372637307,29,False,data_local/stage1_lightcurves/detrend_experiments/s56_h5_sample/2053290277.h5
bk1.2_sig5,1.2,5.0,tic2053290277_s0056_o120_c1-4_Large,2053290277,19.871883537366276,Large,7850.3286290062315,auto_robust_abs,6137,6137,6137,4249,4249,0.16051878546835643,0.07125192443374122,0.23824264729549827,29,False,data_local/stage1_lightcurves/detrend_experiments/s56_h5_sample/2053290277.h5
bk2_sig3,2.0,3.0,tic2053290277_s0056_o120_c1-4_Large,2053290277,19.871883537366276,Large,7850.3286290062315,auto_robust_abs,6137,6137,6137,4249,4249,0.1854818080313527,0.07762840264518377,0.41895894724850746,29,False,data_local/stage1_lightcurves/detrend_experiments/s56_h5_sample/2053290277.h5
bk2_sig5,2.0,5.0,tic2053290277_s0056_o120_c1-4_Large,2053290277,19.871883537366276,Large,7850.3286290062315,auto_robust_abs,6137,6137,6137,4249,4249,0.18574991517722816,0.08103651760803415,0.4127636336126571,29,False,data_local/stage1_lightcurves/detrend_experiments/s56_h5_sample/2053290277.h5
bk0.3_sig3,0.3,3.0,tic2053292543_s0056_o120_c1-4_Primary,2053292543,19.70920680977473,Primary,1919.5059118386862,auto_robust_abs,6137,6137,6137,4120,4120,0.27851345641058606,0.017663255138675032,0.04974617162349171,29,False,data_local/stage1_lightcurves/detrend_experiments/s56_h5_sample/2053292543.h5
bk0.3_sig5,0.3,5.0,tic2053292543_s0056_o120_c1-4_Primary,2053292543,19.70920680977473,Primary,1919.5059118386862,auto_robust_abs,6137,6137,6137,4120,4120,0.2789222716139097,0.017556832309119728,0.04920171843573862,29,False,data_local/stage1_lightcurves/detrend_experiments/s56_h5_sample/2053292543.h5
bk0.5_sig3,0.5,3.0,tic2053292543_s0056_o120_c1-4_Primary,2053292543,19.70920680977473,Primary,1919.5059118386862,auto_robust_abs,6137,6137,6137,4120,4120,0.2934979708081654,0.023446427713242943,0.21517976101432112,29,False,data_local/stage1_lightcurves/detrend_experiments/s56_h5_sample/2053292543.h5
bk0.5_sig5,0.5,5.0,tic2053292543_s0056_o120_c1-4_Primary,2053292543,19.70920680977473,Primary,1919.5059118386862,auto_robust_abs,6137,6137,6137,4120,4120,0.29368373215349575,0.02795471488442002,0.21037465234062924,29,False,data_local/stage1_lightcurves/detrend_experiments/s56_h5_sample/2053292543.h5
bk0.8_sig3,0.8,3.0,tic2053292543_s0056_o120_c1-4_Primary,2053292543,19.70920680977473,Primary,1919.5059118386862,auto_robust_abs,6137,6137,6137,4120,4120,0.29593015347293533,0.048179870476132,0.18432310591016154,29,False,data_local/stage1_lightcurves/detrend_experiments/s56_h5_sample/2053292543.h5
bk0.8_sig5,0.8,5.0,tic2053292543_s0056_o120_c1-4_Primary,2053292543,19.70920680977473,Primary,1919.5059118386862,auto_robust_abs,6137,6137,6137,4120,4120,0.2950962797050689,0.051760135012420314,0.17622010184364445,29,False,data_local/stage1_lightcurves/detrend_experiments/s56_h5_sample/2053292543.h5
bk1.2_sig3,1.2,3.0,tic2053292543_s0056_o120_c1-4_Primary,2053292543,19.70920680977473,Primary,1919.5059118386862,auto_robust_abs,6137,6137,6137,4120,4120,0.30230897778110694,0.04734184734798211,0.33564465772142893,29,False,data_local/stage1_lightcurves/detrend_experiments/s56_h5_sample/2053292543.h5
bk1.2_sig5,1.2,5.0,tic2053292543_s0056_o120_c1-4_Primary,2053292543,19.70920680977473,Primary,1919.5059118386862,auto_robust_abs,6137,6137,6137,4120,4120,0.3030944487133792,0.0500504824371025,0.34603009648821015,29,False,data_local/stage1_lightcurves/detrend_experiments/s56_h5_sample/2053292543.h5
bk2_sig3,2.0,3.0,tic2053292543_s0056_o120_c1-4_Primary,2053292543,19.70920680977473,Primary,1919.5059118386862,auto_robust_abs,6137,6137,6137,4120,4120,0.32988597738444875,0.07919441582531324,0.5152167741810041,29,False,data_local/stage1_lightcurves/detrend_experiments/s56_h5_sample/2053292543.h5
bk2_sig5,2.0,5.0,tic2053292543_s0056_o120_c1-4_Primary,2053292543,19.70920680977473,Primary,1919.5059118386862,auto_robust_abs,6137,6137,6137,4120,4120,0.33191152367958554,0.09282022617348862,0.5277512651233539,29,False,data_local/stage1_lightcurves/detrend_experiments/s56_h5_sample/2053292543.h5
bk0.3_sig3,0.3,3.0,tic2053292543_s0056_o120_c1-4_Small,2053292543,19.70920680977473,Small,349.0149486661307,auto_robust_abs,6137,6137,6137,1074,1074,0.5078581494606198,0.02190332765496297,0.0908350410198604,29,False,data_local/stage1_lightcurves/detrend_experiments/s56_h5_sample/2053292543.h5
bk0.3_sig5,0.3,5.0,tic2053292543_s0056_o120_c1-4_Small,2053292543,19.70920680977473,Small,349.0149486661307,auto_robust_abs,6137,6137,6137,1074,1074,0.5068237998711784,0.02761171136623602,0.0967110319552773,29,False,data_local/stage1_lightcurves/detrend_experiments/s56_h5_sample/2053292543.h5
bk0.5_sig3,0.5,3.0,tic2053292543_s0056_o120_c1-4_Small,2053292543,19.70920680977473,Small,349.0149486661307,auto_robust_abs,6137,6137,6137,1074,1074,0.5095363588065028,0.028455355743057704,0.17448990564666345,29,False,data_local/stage1_lightcurves/detrend_experiments/s56_h5_sample/2053292543.h5
bk0.5_sig5,0.5,5.0,tic2053292543_s0056_o120_c1-4_Small,2053292543,19.70920680977473,Small,349.0149486661307,auto_robust_abs,6137,6137,6137,1074,1074,0.5086142074258757,0.033558794594622264,0.17469220699966503,29,False,data_local/stage1_lightcurves/detrend_experiments/s56_h5_sample/2053292543.h5
bk0.8_sig3,0.8,3.0,tic2053292543_s0056_o120_c1-4_Small,2053292543,19.70920680977473,Small,349.0149486661307,auto_robust_abs,6137,6137,6137,1074,1074,0.5092548140812171,0.04429289828358453,0.1372665426052685,29,False,data_local/stage1_lightcurves/detrend_experiments/s56_h5_sample/2053292543.h5
bk0.8_sig5,0.8,5.0,tic2053292543_s0056_o120_c1-4_Small,2053292543,19.70920680977473,Small,349.0149486661307,auto_robust_abs,6137,6137,6137,1074,1074,0.5100090039097517,0.038890444216628,0.13792558014194123,29,False,data_local/stage1_lightcurves/detrend_experiments/s56_h5_sample/2053292543.h5
bk1.2_sig3,1.2,3.0,tic2053292543_s0056_o120_c1-4_Small,2053292543,19.70920680977473,Small,349.0149486661307,auto_robust_abs,6137,6137,6137,1074,1074,0.5132674966965374,0.030963576347753458,0.19259736631042768,29,False,data_local/stage1_lightcurves/detrend_experiments/s56_h5_sample/2053292543.h5
bk1.2_sig5,1.2,5.0,tic2053292543_s0056_o120_c1-4_Small,2053292543,19.70920680977473,Small,349.0149486661307,auto_robust_abs,6137,6137,6137,1074,1074,0.513204975829668,0.026606990302055506,0.19110081719752725,29,False,data_local/stage1_lightcurves/detrend_experiments/s56_h5_sample/2053292543.h5
bk2_sig3,2.0,3.0,tic2053292543_s0056_o120_c1-4_Small,2053292543,19.70920680977473,Small,349.0149486661307,auto_robust_abs,6137,6137,6137,1074,1074,0.5250798756664704,0.07253142057422743,0.32502914119646653,29,False,data_local/stage1_lightcurves/detrend_experiments/s56_h5_sample/2053292543.h5
bk2_sig5,2.0,5.0,tic2053292543_s0056_o120_c1-4_Small,2053292543,19.70920680977473,Small,349.0149486661307,auto_robust_abs,6137,6137,6137,1074,1074,0.5251491090405143,0.0724035813049042,0.31898104754860235,29,False,data_local/stage1_lightcurves/detrend_experiments/s56_h5_sample/2053292543.h5
bk0.3_sig3,0.3,3.0,tic2053292543_s0056_o120_c1-4_Large,2053292543,19.70920680977473,Large,6477.621780836452,auto_robust_abs,6137,6137,6137,4233,4233,0.15166230956657623,0.008529640669806372,0.03279907161245532,29,False,data_local/stage1_lightcurves/detrend_experiments/s56_h5_sample/2053292543.h5
bk0.3_sig5,0.3,5.0,tic2053292543_s0056_o120_c1-4_Large,2053292543,19.70920680977473,Large,6477.621780836452,auto_robust_abs,6137,6137,6137,4233,4233,0.1516239002112379,0.009984392110504102,0.02602976156376946,29,False,data_local/stage1_lightcurves/detrend_experiments/s56_h5_sample/2053292543.h5
bk0.5_sig3,0.5,3.0,tic2053292543_s0056_o120_c1-4_Large,2053292543,19.70920680977473,Large,6477.621780836452,auto_robust_abs,6137,6137,6137,4233,4233,0.16815971457098663,0.018113932357283948,0.18555332567325222,29,False,data_local/stage1_lightcurves/detrend_experiments/s56_h5_sample/2053292543.h5
bk0.5_sig5,0.5,5.0,tic2053292543_s0056_o120_c1-4_Large,2053292543,19.70920680977473,Large,6477.621780836452,auto_robust_abs,6137,6137,6137,4233,4233,0.1683084751122155,0.017814518145992834,0.1917342839871634,29,False,data_local/stage1_lightcurves/detrend_experiments/s56_h5_sample/2053292543.h5
bk0.8_sig3,0.8,3.0,tic2053292543_s0056_o120_c1-4_Large,2053292543,19.70920680977473,Large,6477.621780836452,auto_robust_abs,6137,6137,6137,4233,4233,0.17414946113618043,0.04318498643322572,0.17538601918854269,29,False,data_local/stage1_lightcurves/detrend_experiments/s56_h5_sample/2053292543.h5
bk0.8_sig5,0.8,5.0,tic2053292543_s0056_o120_c1-4_Large,2053292543,19.70920680977473,Large,6477.621780836452,auto_robust_abs,6137,6137,6137,4233,4233,0.1743287085251027,0.04360886076927137,0.1756697493125332,29,False,data_local/stage1_lightcurves/detrend_experiments/s56_h5_sample/2053292543.h5
bk1.2_sig3,1.2,3.0,tic2053292543_s0056_o120_c1-4_Large,2053292543,19.70920680977473,Large,6477.621780836452,auto_robust_abs,6137,6137,6137,4233,4233,0.181479191828952,0.03951197829630543,0.28712447498500526,29,False,data_local/stage1_lightcurves/detrend_experiments/s56_h5_sample/2053292543.h5
bk1.2_sig5,1.2,5.0,tic2053292543_s0056_o120_c1-4_Large,2053292543,19.70920680977473,Large,6477.621780836452,auto_robust_abs,6137,6137,6137,4233,4233,0.18254187617891204,0.04797340097796364,0.310266829173529,29,False,data_local/stage1_lightcurves/detrend_experiments/s56_h5_sample/2053292543.h5
bk2_sig3,2.0,3.0,tic2053292543_s0056_o120_c1-4_Large,2053292543,19.70920680977473,Large,6477.621780836452,auto_robust_abs,6137,6137,6137,4233,4233,0.1988362862738913,0.06640181089058216,0.39034481486485784,29,False,data_local/stage1_lightcurves/detrend_experiments/s56_h5_sample/2053292543.h5
bk2_sig5,2.0,5.0,tic2053292543_s0056_o120_c1-4_Large,2053292543,19.70920680977473,Large,6477.621780836452,auto_robust_abs,6137,6137,6137,4233,4233,0.19902850444896772,0.07290279831355466,0.46217514094903067,29,False,data_local/stage1_lightcurves/detrend_experiments/s56_h5_sample/2053292543.h5
bk0.3_sig3,0.3,3.0,tic2053333283_s0056_o120_c1-4_Primary,2053333283,19.758112315975936,Primary,5307.566956154752,auto_robust_abs,6137,6137,6137,4150,4150,0.2363178169298309,0.01292599259001948,0.0553768667707355,29,False,data_local/stage1_lightcurves/detrend_experiments/s56_h5_sample/2053333283.h5
bk0.3_sig5,0.3,5.0,tic2053333283_s0056_o120_c1-4_Primary,2053333283,19.758112315975936,Primary,5307.566956154752,auto_robust_abs,6137,6137,6137,4150,4150,0.23659605413451484,0.009971735914241142,0.059839609367459023,29,False,data_local/stage1_lightcurves/detrend_experiments/s56_h5_sample/2053333283.h5
bk0.5_sig3,0.5,3.0,tic2053333283_s0056_o120_c1-4_Primary,2053333283,19.758112315975936,Primary,5307.566956154752,auto_robust_abs,6137,6137,6137,4150,4150,0.24686900756945065,0.03489830303717339,0.12006431146383001,29,False,data_local/stage1_lightcurves/detrend_experiments/s56_h5_sample/2053333283.h5
bk0.5_sig5,0.5,5.0,tic2053333283_s0056_o120_c1-4_Primary,2053333283,19.758112315975936,Primary,5307.566956154752,auto_robust_abs,6137,6137,6137,4150,4150,0.25540154476201266,0.03814854887862503,0.27170907459480387,29,False,data_local/stage1_lightcurves/detrend_experiments/s56_h5_sample/2053333283.h5
bk0.8_sig3,0.8,3.0,tic2053333283_s0056_o120_c1-4_Primary,2053333283,19.758112315975936,Primary,5307.566956154752,auto_robust_abs,6137,6137,6137,4150,4150,0.27001615673321805,0.05045984456391215,0.2654955691119083,29,False,data_local/stage1_lightcurves/detrend_experiments/s56_h5_sample/2053333283.h5
bk0.8_sig5,0.8,5.0,tic2053333283_s0056_o120_c1-4_Primary,2053333283,19.758112315975936,Primary,5307.566956154752,auto_robust_abs,6137,6137,6137,4150,4150,0.2755789834775166,0.05789737759322572,0.25312836159277174,29,False,data_local/stage1_lightcurves/detrend_experiments/s56_h5_sample/2053333283.h5
bk1.2_sig3,1.2,3.0,tic2053333283_s0056_o120_c1-4_Primary,2053333283,19.758112315975936,Primary,5307.566956154752,auto_robust_abs,6137,6137,6137,4150,4150,0.26469786073859036,0.06113758444404268,0.21459864771938764,29,False,data_local/stage1_lightcurves/detrend_experiments/s56_h5_sample/2053333283.h5
bk1.2_sig5,1.2,5.0,tic2053333283_s0056_o120_c1-4_Primary,2053333283,19.758112315975936,Primary,5307.566956154752,auto_robust_abs,6137,6137,6137,4150,4150,0.26799123247170736,0.06679367932914348,0.3254142314929702,29,False,data_local/stage1_lightcurves/detrend_experiments/s56_h5_sample/2053333283.h5
bk2_sig3,2.0,3.0,tic2053333283_s0056_o120_c1-4_Primary,2053333283,19.758112315975936,Primary,5307.566956154752,auto_robust_abs,6137,6137,6137,4150,4150,0.3079233694990164,0.11983887812344325,1.0500498339367912,29,False,data_local/stage1_lightcurves/detrend_experiments/s56_h5_sample/2053333283.h5
bk2_sig5,2.0,5.0,tic2053333283_s0056_o120_c1-4_Primary,2053333283,19.758112315975936,Primary,5307.566956154752,auto_robust_abs,6137,6137,6137,4150,4150,0.32784282358551375,0.09836538520437055,0.7814787184044901,29,False,data_local/stage1_lightcurves/detrend_experiments/s56_h5_sample/2053333283.h5
bk0.3_sig3,0.3,3.0,tic2053333283_s0056_o120_c1-4_Small,2053333283,19.758112315975936,Small,446.6060234829938,auto_robust_abs,6137,6137,6137,3363,3363,0.5394757208623697,0.056045249096115995,0.12803579856700864,29,False,data_local/stage1_lightcurves/detrend_experiments/s56_h5_sample/2053333283.h5
bk0.3_sig5,0.3,5.0,tic2053333283_s0056_o120_c1-4_Small,2053333283,19.758112315975936,Small,446.6060234829938,auto_robust_abs,6137,6137,6137,3363,3363,0.5425466705670355,0.054537561263630255,0.11972574466253416,29,False,data_local/stage1_lightcurves/detrend_experiments/s56_h5_sample/2053333283.h5
bk0.5_sig3,0.5,3.0,tic2053333283_s0056_o120_c1-4_Small,2053333283,19.758112315975936,Small,446.6060234829938,auto_robust_abs,6137,6137,6137,3363,3363,0.5650779719861098,0.06937085763734835,0.3198232109489727,29,False,data_local/stage1_lightcurves/detrend_experiments/s56_h5_sample/2053333283.h5
bk0.5_sig5,0.5,5.0,tic2053333283_s0056_o120_c1-4_Small,2053333283,19.758112315975936,Small,446.6060234829938,auto_robust_abs,6137,6137,6137,3363,3363,0.5650414769761822,0.06862547655959987,0.37280025539974126,29,False,data_local/stage1_lightcurves/detrend_experiments/s56_h5_sample/2053333283.h5
bk0.8_sig3,0.8,3.0,tic2053333283_s0056_o120_c1-4_Small,2053333283,19.758112315975936,Small,446.6060234829938,auto_robust_abs,6137,6137,6137,3363,3363,0.5875507263342914,0.08941884751381167,0.33683066588837485,29,False,data_local/stage1_lightcurves/detrend_experiments/s56_h5_sample/2053333283.h5
bk0.8_sig5,0.8,5.0,tic2053333283_s0056_o120_c1-4_Small,2053333283,19.758112315975936,Small,446.6060234829938,auto_robust_abs,6137,6137,6137,3363,3363,0.5872540228845254,0.08945771655840387,0.32140569143321795,29,False,data_local/stage1_lightcurves/detrend_experiments/s56_h5_sample/2053333283.h5
bk1.2_sig3,1.2,3.0,tic2053333283_s0056_o120_c1-4_Small,2053333283,19.758112315975936,Small,446.6060234829938,auto_robust_abs,6137,6137,6137,3363,3363,0.5851698847546598,0.10585952569101122,0.40875672761896886,29,False,data_local/stage1_lightcurves/detrend_experiments/s56_h5_sample/2053333283.h5
bk1.2_sig5,1.2,5.0,tic2053333283_s0056_o120_c1-4_Small,2053333283,19.758112315975936,Small,446.6060234829938,auto_robust_abs,6137,6137,6137,3363,3363,0.5922876180390005,0.11153010084346827,0.5753499762851024,29,False,data_local/stage1_lightcurves/detrend_experiments/s56_h5_sample/2053333283.h5
bk2_sig3,2.0,3.0,tic2053333283_s0056_o120_c1-4_Small,2053333283,19.758112315975936,Small,446.6060234829938,auto_robust_abs,6137,6137,6137,3363,3363,0.6301746708560323,0.16764104856343007,0.9852802133169732,29,False,data_local/stage1_lightcurves/detrend_experiments/s56_h5_sample/2053333283.h5
bk2_sig5,2.0,5.0,tic2053333283_s0056_o120_c1-4_Small,2053333283,19.758112315975936,Small,446.6060234829938,auto_robust_abs,6137,6137,6137,3363,3363,0.6335760413284445,0.15756394336599192,1.1777640489865617,29,False,data_local/stage1_lightcurves/detrend_experiments/s56_h5_sample/2053333283.h5
bk0.3_sig3,0.3,3.0,tic2053333283_s0056_o120_c1-4_Large,2053333283,19.758112315975936,Large,19725.836072164235,auto_robust_abs,6137,6137,6137,4277,4277,0.21368735060293237,0.016245339222171005,0.045362930024484216,29,False,data_local/stage1_lightcurves/detrend_experiments/s56_h5_sample/2053333283.h5
bk0.3_sig5,0.3,5.0,tic2053333283_s0056_o120_c1-4_Large,2053333283,19.758112315975936,Large,19725.836072164235,auto_robust_abs,6137,6137,6137,4277,4277,0.21241710394981925,0.017746042665167883,0.05015333610945072,29,False,data_local/stage1_lightcurves/detrend_experiments/s56_h5_sample/2053333283.h5
bk0.5_sig3,0.5,3.0,tic2053333283_s0056_o120_c1-4_Large,2053333283,19.758112315975936,Large,19725.836072164235,auto_robust_abs,6137,6137,6137,4277,4277,0.23143418617946485,0.04228440511475237,0.15683094202198744,29,False,data_local/stage1_lightcurves/detrend_experiments/s56_h5_sample/2053333283.h5
bk0.5_sig5,0.5,5.0,tic2053333283_s0056_o120_c1-4_Large,2053333283,19.758112315975936,Large,19725.836072164235,auto_robust_abs,6137,6137,6137,4277,4277,0.23333866178720078,0.03964543612747471,0.20701276482187148,29,False,data_local/stage1_lightcurves/detrend_experiments/s56_h5_sample/2053333283.h5
bk0.8_sig3,0.8,3.0,tic2053333283_s0056_o120_c1-4_Large,2053333283,19.758112315975936,Large,19725.836072164235,auto_robust_abs,6137,6137,6137,4277,4277,0.24512838543355162,0.07649479106635425,0.22125685703644216,29,False,data_local/stage1_lightcurves/detrend_experiments/s56_h5_sample/2053333283.h5
bk0.8_sig5,0.8,5.0,tic2053333283_s0056_o120_c1-4_Large,2053333283,19.758112315975936,Large,19725.836072164235,auto_robust_abs,6137,6137,6137,4277,4277,0.24778901085968583,0.08155927451838588,0.18943379319294007,29,False,data_local/stage1_lightcurves/detrend_experiments/s56_h5_sample/2053333283.h5
bk1.2_sig3,1.2,3.0,tic2053333283_s0056_o120_c1-4_Large,2053333283,19.758112315975936,Large,19725.836072164235,auto_robust_abs,6137,6137,6137,4277,4277,0.24355650719280175,0.07070805400905986,0.1985783939696255,29,False,data_local/stage1_lightcurves/detrend_experiments/s56_h5_sample/2053333283.h5
bk1.2_sig5,1.2,5.0,tic2053333283_s0056_o120_c1-4_Large,2053333283,19.758112315975936,Large,19725.836072164235,auto_robust_abs,6137,6137,6137,4277,4277,0.25684693679473974,0.10624862643872769,0.35808571529689326,29,False,data_local/stage1_lightcurves/detrend_experiments/s56_h5_sample/2053333283.h5
bk2_sig3,2.0,3.0,tic2053333283_s0056_o120_c1-4_Large,2053333283,19.758112315975936,Large,19725.836072164235,auto_robust_abs,6137,6137,6137,4277,4277,0.3053169186568985,0.15154316710588825,0.6416001727310389,29,False,data_local/stage1_lightcurves/detrend_experiments/s56_h5_sample/2053333283.h5
bk2_sig5,2.0,5.0,tic2053333283_s0056_o120_c1-4_Large,2053333283,19.758112315975936,Large,19725.836072164235,auto_robust_abs,6137,6137,6137,4277,4277,0.3023221110070218,0.15299704735481387,0.7136729265853984,29,False,data_local/stage1_lightcurves/detrend_experiments/s56_h5_sample/2053333283.h5
bk0.3_sig3,0.3,3.0,tic267574918_s0056_o119_c4-1_Primary,267574918,16.32809539410892,Primary,7271.099136006058,auto_median_abs,5387,5387,5387,155,155,0.11931101915178029,0.011761819989927593,0.038719917711697915,26,False,data_local/stage1_lightcurves/detrend_experiments/s56_h5_sample/267574918.h5
bk0.3_sig5,0.3,5.0,tic267574918_s0056_o119_c4-1_Primary,267574918,16.32809539410892,Primary,7271.099136006058,auto_median_abs,5387,5387,5387,155,155,0.11963559707921098,0.012771364048875166,0.035364606036948465,26,False,data_local/stage1_lightcurves/detrend_experiments/s56_h5_sample/267574918.h5
bk0.5_sig3,0.5,3.0,tic267574918_s0056_o119_c4-1_Primary,267574918,16.32809539410892,Primary,7271.099136006058,auto_median_abs,5387,5387,5387,155,155,0.12623957081606016,0.02114744254396686,0.10890637737852771,26,False,data_local/stage1_lightcurves/detrend_experiments/s56_h5_sample/267574918.h5
bk0.5_sig5,0.5,5.0,tic267574918_s0056_o119_c4-1_Primary,267574918,16.32809539410892,Primary,7271.099136006058,auto_median_abs,5387,5387,5387,155,155,0.12648692328195282,0.02115769715258472,0.07879678607353768,26,False,data_local/stage1_lightcurves/detrend_experiments/s56_h5_sample/267574918.h5
bk0.8_sig3,0.8,3.0,tic267574918_s0056_o119_c4-1_Primary,267574918,16.32809539410892,Primary,7271.099136006058,auto_median_abs,5387,5387,5387,155,155,0.13110821716272275,0.04370584136314872,0.14345999323806036,26,False,data_local/stage1_lightcurves/detrend_experiments/s56_h5_sample/267574918.h5
bk0.8_sig5,0.8,5.0,tic267574918_s0056_o119_c4-1_Primary,267574918,16.32809539410892,Primary,7271.099136006058,auto_median_abs,5387,5387,5387,155,155,0.13175423268058292,0.04225006235879647,0.20112544062127347,26,False,data_local/stage1_lightcurves/detrend_experiments/s56_h5_sample/267574918.h5
bk1.2_sig3,1.2,3.0,tic267574918_s0056_o119_c4-1_Primary,267574918,16.32809539410892,Primary,7271.099136006058,auto_median_abs,5387,5387,5387,155,155,0.15328084271946726,0.09207300741501014,0.43589756788370826,26,False,data_local/stage1_lightcurves/detrend_experiments/s56_h5_sample/267574918.h5
bk1.2_sig5,1.2,5.0,tic267574918_s0056_o119_c4-1_Primary,267574918,16.32809539410892,Primary,7271.099136006058,auto_median_abs,5387,5387,5387,155,155,0.16045806132108675,0.10203698647648135,0.5376507073310607,26,False,data_local/stage1_lightcurves/detrend_experiments/s56_h5_sample/267574918.h5
bk2_sig3,2.0,3.0,tic267574918_s0056_o119_c4-1_Primary,267574918,16.32809539410892,Primary,7271.099136006058,auto_median_abs,5387,5387,5387,155,155,0.17492661904716236,0.11425943732740276,0.7930312058405506,26,False,data_local/stage1_lightcurves/detrend_experiments/s56_h5_sample/267574918.h5
bk2_sig5,2.0,5.0,tic267574918_s0056_o119_c4-1_Primary,267574918,16.32809539410892,Primary,7271.099136006058,auto_median_abs,5387,5387,5387,155,155,0.19302485353946086,0.1227881543945801,0.7345517956068552,26,False,data_local/stage1_lightcurves/detrend_experiments/s56_h5_sample/267574918.h5
bk0.3_sig3,0.3,3.0,tic267574918_s0056_o119_c4-1_Small,267574918,16.32809539410892,Small,4704.099379846523,auto_median_abs,5387,5387,5387,0,0,0.04372404299741977,0.0022237650013058564,0.008108634026153916,26,False,data_local/stage1_lightcurves/detrend_experiments/s56_h5_sample/267574918.h5
bk0.3_sig5,0.3,5.0,tic267574918_s0056_o119_c4-1_Small,267574918,16.32809539410892,Small,4704.099379846523,auto_median_abs,5387,5387,5387,0,0,0.043886583765740374,0.0030722978459476386,0.008878777895251821,26,False,data_local/stage1_lightcurves/detrend_experiments/s56_h5_sample/267574918.h5
bk0.5_sig3,0.5,3.0,tic267574918_s0056_o119_c4-1_Small,267574918,16.32809539410892,Small,4704.099379846523,auto_median_abs,5387,5387,5387,0,0,0.043264576113375405,0.0027621539442804223,0.00966037104733064,26,False,data_local/stage1_lightcurves/detrend_experiments/s56_h5_sample/267574918.h5
bk0.5_sig5,0.5,5.0,tic267574918_s0056_o119_c4-1_Small,267574918,16.32809539410892,Small,4704.099379846523,auto_median_abs,5387,5387,5387,0,0,0.043146983771891724,0.002711344230294975,0.009127370871297114,26,False,data_local/stage1_lightcurves/detrend_experiments/s56_h5_sample/267574918.h5
bk0.8_sig3,0.8,3.0,tic267574918_s0056_o119_c4-1_Small,267574918,16.32809539410892,Small,4704.099379846523,auto_median_abs,5387,5387,5387,0,0,0.04395331517170986,0.004330942241445402,0.013433374870644554,26,False,data_local/stage1_lightcurves/detrend_experiments/s56_h5_sample/267574918.h5
bk0.8_sig5,0.8,5.0,tic267574918_s0056_o119_c4-1_Small,267574918,16.32809539410892,Small,4704.099379846523,auto_median_abs,5387,5387,5387,0,0,0.04379005095449329,0.003855600250163242,0.013399603910906777,26,False,data_local/stage1_lightcurves/detrend_experiments/s56_h5_sample/267574918.h5
bk1.2_sig3,1.2,3.0,tic267574918_s0056_o119_c4-1_Small,267574918,16.32809539410892,Small,4704.099379846523,auto_median_abs,5387,5387,5387,0,0,0.04379892703974556,0.005674464284829889,0.011994916878412365,26,False,data_local/stage1_lightcurves/detrend_experiments/s56_h5_sample/267574918.h5
bk1.2_sig5,1.2,5.0,tic267574918_s0056_o119_c4-1_Small,267574918,16.32809539410892,Small,4704.099379846523,auto_median_abs,5387,5387,5387,0,0,0.04365752025460479,0.006405594727618841,0.01216984138245869,26,False,data_local/stage1_lightcurves/detrend_experiments/s56_h5_sample/267574918.h5
bk2_sig3,2.0,3.0,tic267574918_s0056_o119_c4-1_Small,267574918,16.32809539410892,Small,4704.099379846523,auto_median_abs,5387,5387,5387,0,0,0.04459641234201091,0.006618745945089464,0.0318006855918711,26,False,data_local/stage1_lightcurves/detrend_experiments/s56_h5_sample/267574918.h5
bk2_sig5,2.0,5.0,tic267574918_s0056_o119_c4-1_Small,267574918,16.32809539410892,Small,4704.099379846523,auto_median_abs,5387,5387,5387,0,0,0.044565908260833696,0.0069382427291233735,0.032552469965861364,26,False,data_local/stage1_lightcurves/detrend_experiments/s56_h5_sample/267574918.h5
bk0.3_sig3,0.3,3.0,tic267574918_s0056_o119_c4-1_Large,267574918,16.32809539410892,Large,14925.076667367974,auto_robust_abs,5387,5387,5387,438,438,0.15513028123348335,0.008053358701991493,0.05802288912057585,26,False,data_local/stage1_lightcurves/detrend_experiments/s56_h5_sample/267574918.h5
bk0.3_sig5,0.3,5.0,tic267574918_s0056_o119_c4-1_Large,267574918,16.32809539410892,Large,14925.076667367974,auto_robust_abs,5387,5387,5387,438,438,0.15512744866063916,0.007809852020858894,0.035831059043883284,26,False,data_local/stage1_lightcurves/detrend_experiments/s56_h5_sample/267574918.h5
bk0.5_sig3,0.5,3.0,tic267574918_s0056_o119_c4-1_Large,267574918,16.32809539410892,Large,14925.076667367974,auto_robust_abs,5387,5387,5387,438,438,0.16282687639591573,0.022975722781093003,0.1749788371510025,26,False,data_local/stage1_lightcurves/detrend_experiments/s56_h5_sample/267574918.h5
bk0.5_sig5,0.5,5.0,tic267574918_s0056_o119_c4-1_Large,267574918,16.32809539410892,Large,14925.076667367974,auto_robust_abs,5387,5387,5387,438,438,0.16580282436192614,0.02309653943213703,0.12396090111755953,26,False,data_local/stage1_lightcurves/detrend_experiments/s56_h5_sample/267574918.h5
bk0.8_sig3,0.8,3.0,tic267574918_s0056_o119_c4-1_Large,267574918,16.32809539410892,Large,14925.076667367974,auto_robust_abs,5387,5387,5387,438,438,0.173897590140534,0.0528525774983648,0.34102033714705715,26,False,data_local/stage1_lightcurves/detrend_experiments/s56_h5_sample/267574918.h5
bk0.8_sig5,0.8,5.0,tic267574918_s0056_o119_c4-1_Large,267574918,16.32809539410892,Large,14925.076667367974,auto_robust_abs,5387,5387,5387,438,438,0.17728344912387276,0.05296257557143012,0.3243279287272385,26,False,data_local/stage1_lightcurves/detrend_experiments/s56_h5_sample/267574918.h5
bk1.2_sig3,1.2,3.0,tic267574918_s0056_o119_c4-1_Large,267574918,16.32809539410892,Large,14925.076667367974,auto_robust_abs,5387,5387,5387,438,438,0.2112296967684968,0.1197857778068017,0.8592508540555283,26,False,data_local/stage1_lightcurves/detrend_experiments/s56_h5_sample/267574918.h5
bk1.2_sig5,1.2,5.0,tic267574918_s0056_o119_c4-1_Large,267574918,16.32809539410892,Large,14925.076667367974,auto_robust_abs,5387,5387,5387,438,438,0.22463889367838077,0.11094458234533047,0.819122739542428,26,False,data_local/stage1_lightcurves/detrend_experiments/s56_h5_sample/267574918.h5
bk2_sig3,2.0,3.0,tic267574918_s0056_o119_c4-1_Large,267574918,16.32809539410892,Large,14925.076667367974,auto_robust_abs,5387,5387,5387,438,438,0.2586583599093015,0.17955537838702662,1.2866579318842701,26,False,data_local/stage1_lightcurves/detrend_experiments/s56_h5_sample/267574918.h5
bk2_sig5,2.0,5.0,tic267574918_s0056_o119_c4-1_Large,267574918,16.32809539410892,Large,14925.076667367974,auto_robust_abs,5387,5387,5387,438,438,0.285827544253923,0.23114316770688925,1.327452660782022,26,False,data_local/stage1_lightcurves/detrend_experiments/s56_h5_sample/267574918.h5
bk0.3_sig3,0.3,3.0,tic611160627_s0056_o120_c1-4_Primary,611160627,19.65199164854872,Primary,17304.75493247891,auto_robust_abs,6137,6137,6137,4105,4105,0.06385906052044871,0.01046557223662735,0.035163269428411414,29,False,data_local/stage1_lightcurves/detrend_experiments/s56_h5_sample/611160627.h5
bk0.3_sig5,0.3,5.0,tic611160627_s0056_o120_c1-4_Primary,611160627,19.65199164854872,Primary,17304.75493247891,auto_robust_abs,6137,6137,6137,4105,4105,0.06415735099239063,0.010309266452822987,0.03888112811426814,29,False,data_local/stage1_lightcurves/detrend_experiments/s56_h5_sample/611160627.h5
bk0.5_sig3,0.5,3.0,tic611160627_s0056_o120_c1-4_Primary,611160627,19.65199164854872,Primary,17304.75493247891,auto_robust_abs,6137,6137,6137,4105,4105,0.08421275350589037,0.026245943771309146,0.13208845238809896,29,False,data_local/stage1_lightcurves/detrend_experiments/s56_h5_sample/611160627.h5
bk0.5_sig5,0.5,5.0,tic611160627_s0056_o120_c1-4_Primary,611160627,19.65199164854872,Primary,17304.75493247891,auto_robust_abs,6137,6137,6137,4105,4105,0.08844000056273071,0.030657590015703895,0.15990132230468024,29,False,data_local/stage1_lightcurves/detrend_experiments/s56_h5_sample/611160627.h5
bk0.8_sig3,0.8,3.0,tic611160627_s0056_o120_c1-4_Primary,611160627,19.65199164854872,Primary,17304.75493247891,auto_robust_abs,6137,6137,6137,4105,4105,0.08772160787291505,0.03152839356079601,0.1417774980831773,29,False,data_local/stage1_lightcurves/detrend_experiments/s56_h5_sample/611160627.h5
bk0.8_sig5,0.8,5.0,tic611160627_s0056_o120_c1-4_Primary,611160627,19.65199164854872,Primary,17304.75493247891,auto_robust_abs,6137,6137,6137,4105,4105,0.09338342168573806,0.03488866504371906,0.1709773891312265,29,False,data_local/stage1_lightcurves/detrend_experiments/s56_h5_sample/611160627.h5
bk1.2_sig3,1.2,3.0,tic611160627_s0056_o120_c1-4_Primary,611160627,19.65199164854872,Primary,17304.75493247891,auto_robust_abs,6137,6137,6137,4105,4105,0.10801790176822705,0.07143697231741622,0.1730727960409858,29,False,data_local/stage1_lightcurves/detrend_experiments/s56_h5_sample/611160627.h5
bk1.2_sig5,1.2,5.0,tic611160627_s0056_o120_c1-4_Primary,611160627,19.65199164854872,Primary,17304.75493247891,auto_robust_abs,6137,6137,6137,4105,4105,0.11150515979136952,0.06240508922359102,0.19221520695645755,29,False,data_local/stage1_lightcurves/detrend_experiments/s56_h5_sample/611160627.h5
bk2_sig3,2.0,3.0,tic611160627_s0056_o120_c1-4_Primary,611160627,19.65199164854872,Primary,17304.75493247891,auto_robust_abs,6137,6137,6137,4105,4105,0.15023125904901216,0.09661150045375072,0.3175913409851403,29,False,data_local/stage1_lightcurves/detrend_experiments/s56_h5_sample/611160627.h5
bk2_sig5,2.0,5.0,tic611160627_s0056_o120_c1-4_Primary,611160627,19.65199164854872,Primary,17304.75493247891,auto_robust_abs,6137,6137,6137,4105,4105,0.15065211657827854,0.09887039116151716,0.3363864673068119,29,False,data_local/stage1_lightcurves/detrend_experiments/s56_h5_sample/611160627.h5
bk0.3_sig3,0.3,3.0,tic611160627_s0056_o120_c1-4_Small,611160627,19.65199164854872,Small,1627.717004193157,auto_robust_abs,6137,6137,6137,3839,3839,0.1453270131911447,0.012880564364796834,0.0350039635338778,29,False,data_local/stage1_lightcurves/detrend_experiments/s56_h5_sample/611160627.h5
bk0.3_sig5,0.3,5.0,tic611160627_s0056_o120_c1-4_Small,611160627,19.65199164854872,Small,1627.717004193157,auto_robust_abs,6137,6137,6137,3839,3839,0.1470462571526013,0.012376041754901852,0.04031250258698493,29,False,data_local/stage1_lightcurves/detrend_experiments/s56_h5_sample/611160627.h5
bk0.5_sig3,0.5,3.0,tic611160627_s0056_o120_c1-4_Small,611160627,19.65199164854872,Small,1627.717004193157,auto_robust_abs,6137,6137,6137,3839,3839,0.16936251057660842,0.037406592183877034,0.13694737682749203,29,False,data_local/stage1_lightcurves/detrend_experiments/s56_h5_sample/611160627.h5
bk0.5_sig5,0.5,5.0,tic611160627_s0056_o120_c1-4_Small,611160627,19.65199164854872,Small,1627.717004193157,auto_robust_abs,6137,6137,6137,3839,3839,0.17001598577552338,0.03752175366798612,0.14449010543294816,29,False,data_local/stage1_lightcurves/detrend_experiments/s56_h5_sample/611160627.h5
bk0.8_sig3,0.8,3.0,tic611160627_s0056_o120_c1-4_Small,611160627,19.65199164854872,Small,1627.717004193157,auto_robust_abs,6137,6137,6137,3839,3839,0.17659406811981793,0.038297448563609476,0.19111825090681778,29,False,data_local/stage1_lightcurves/detrend_experiments/s56_h5_sample/611160627.h5
bk0.8_sig5,0.8,5.0,tic611160627_s0056_o120_c1-4_Small,611160627,19.65199164854872,Small,1627.717004193157,auto_robust_abs,6137,6137,6137,3839,3839,0.1808917321802578,0.041698920523190186,0.2554859401706152,29,False,data_local/stage1_lightcurves/detrend_experiments/s56_h5_sample/611160627.h5
bk1.2_sig3,1.2,3.0,tic611160627_s0056_o120_c1-4_Small,611160627,19.65199164854872,Small,1627.717004193157,auto_robust_abs,6137,6137,6137,3839,3839,0.18704430255825014,0.06851222372605731,0.22923800288276397,29,False,data_local/stage1_lightcurves/detrend_experiments/s56_h5_sample/611160627.h5
bk1.2_sig5,1.2,5.0,tic611160627_s0056_o120_c1-4_Small,611160627,19.65199164854872,Small,1627.717004193157,auto_robust_abs,6137,6137,6137,3839,3839,0.18960276336852674,0.06661049615878108,0.25617178894227866,29,False,data_local/stage1_lightcurves/detrend_experiments/s56_h5_sample/611160627.h5
bk2_sig3,2.0,3.0,tic611160627_s0056_o120_c1-4_Small,611160627,19.65199164854872,Small,1627.717004193157,auto_robust_abs,6137,6137,6137,3839,3839,0.22131978922410173,0.130890491191991,0.43593451478564293,29,False,data_local/stage1_lightcurves/detrend_experiments/s56_h5_sample/611160627.h5
bk2_sig5,2.0,5.0,tic611160627_s0056_o120_c1-4_Small,611160627,19.65199164854872,Small,1627.717004193157,auto_robust_abs,6137,6137,6137,3839,3839,0.22322092673290914,0.13977035148319442,0.4518368935250975,29,False,data_local/stage1_lightcurves/detrend_experiments/s56_h5_sample/611160627.h5
bk0.3_sig3,0.3,3.0,tic611160627_s0056_o120_c1-4_Large,611160627,19.65199164854872,Large,46262.327768977375,auto_robust_abs,6137,6137,6137,4177,4177,0.05479235527253701,0.008075309412237537,0.03847617959510463,29,False,data_local/stage1_lightcurves/detrend_experiments/s56_h5_sample/611160627.h5
bk0.3_sig5,0.3,5.0,tic611160627_s0056_o120_c1-4_Large,611160627,19.65199164854872,Large,46262.327768977375,auto_robust_abs,6137,6137,6137,4177,4177,0.05636654868628602,0.00895806750683035,0.05269170890798691,29,False,data_local/stage1_lightcurves/detrend_experiments/s56_h5_sample/611160627.h5
bk0.5_sig3,0.5,3.0,tic611160627_s0056_o120_c1-4_Large,611160627,19.65199164854872,Large,46262.327768977375,auto_robust_abs,6137,6137,6137,4177,4177,0.07918337410034221,0.03014877112003598,0.13036730191512125,29,False,data_local/stage1_lightcurves/detrend_experiments/s56_h5_sample/611160627.h5
bk0.5_sig5,0.5,5.0,tic611160627_s0056_o120_c1-4_Large,611160627,19.65199164854872,Large,46262.327768977375,auto_robust_abs,6137,6137,6137,4177,4177,0.08470317102753501,0.02723809856905751,0.14739285739191998,29,False,data_local/stage1_lightcurves/detrend_experiments/s56_h5_sample/611160627.h5
bk0.8_sig3,0.8,3.0,tic611160627_s0056_o120_c1-4_Large,611160627,19.65199164854872,Large,46262.327768977375,auto_robust_abs,6137,6137,6137,4177,4177,0.08393858389195388,0.030016165966000506,0.15353184998933778,29,False,data_local/stage1_lightcurves/detrend_experiments/s56_h5_sample/611160627.h5
bk0.8_sig5,0.8,5.0,tic611160627_s0056_o120_c1-4_Large,611160627,19.65199164854872,Large,46262.327768977375,auto_robust_abs,6137,6137,6137,4177,4177,0.08801507009676256,0.03433501117385905,0.17423113127727385,29,False,data_local/stage1_lightcurves/detrend_experiments/s56_h5_sample/611160627.h5
bk1.2_sig3,1.2,3.0,tic611160627_s0056_o120_c1-4_Large,611160627,19.65199164854872,Large,46262.327768977375,auto_robust_abs,6137,6137,6137,4177,4177,0.10375143257940535,0.06466808153905633,0.17453968044445234,29,False,data_local/stage1_lightcurves/detrend_experiments/s56_h5_sample/611160627.h5
bk1.2_sig5,1.2,5.0,tic611160627_s0056_o120_c1-4_Large,611160627,19.65199164854872,Large,46262.327768977375,auto_robust_abs,6137,6137,6137,4177,4177,0.10690366935408213,0.059623388511167844,0.20169968336829192,29,False,data_local/stage1_lightcurves/detrend_experiments/s56_h5_sample/611160627.h5
bk2_sig3,2.0,3.0,tic611160627_s0056_o120_c1-4_Large,611160627,19.65199164854872,Large,46262.327768977375,auto_robust_abs,6137,6137,6137,4177,4177,0.14931769189704555,0.09543061936674768,0.31043244579266127,29,False,data_local/stage1_lightcurves/detrend_experiments/s56_h5_sample/611160627.h5
bk2_sig5,2.0,5.0,tic611160627_s0056_o120_c1-4_Large,611160627,19.65199164854872,Large,46262.327768977375,auto_robust_abs,6137,6137,6137,4177,4177,0.15292585763775274,0.10199192046538356,0.3269604827769672,29,False,data_local/stage1_lightcurves/detrend_experiments/s56_h5_sample/611160627.h5
bk0.3_sig3,0.3,3.0,tic611190313_s0056_o120_c1-4_Primary,611190313,19.530688244802914,Primary,22485.747073353603,auto_robust_abs,6137,6137,6137,4126,4126,0.047652874893361064,0.005371665987088586,0.02587739805811118,29,False,data_local/stage1_lightcurves/detrend_experiments/s56_h5_sample/611190313.h5
bk0.3_sig5,0.3,5.0,tic611190313_s0056_o120_c1-4_Primary,611190313,19.530688244802914,Primary,22485.747073353603,auto_robust_abs,6137,6137,6137,4126,4126,0.050069528986302,0.007950740710022662,0.052413499390572826,29,False,data_local/stage1_lightcurves/detrend_experiments/s56_h5_sample/611190313.h5
bk0.5_sig3,0.5,3.0,tic611190313_s0056_o120_c1-4_Primary,611190313,19.530688244802914,Primary,22485.747073353603,auto_robust_abs,6137,6137,6137,4126,4126,0.053501259760359327,0.011837874258501448,0.204030164448203,29,False,data_local/stage1_lightcurves/detrend_experiments/s56_h5_sample/611190313.h5
bk0.5_sig5,0.5,5.0,tic611190313_s0056_o120_c1-4_Primary,611190313,19.530688244802914,Primary,22485.747073353603,auto_robust_abs,6137,6137,6137,4126,4126,0.06052551121085414,0.015969534307739376,0.09805254898196458,29,False,data_local/stage1_lightcurves/detrend_experiments/s56_h5_sample/611190313.h5
bk0.8_sig3,0.8,3.0,tic611190313_s0056_o120_c1-4_Primary,611190313,19.530688244802914,Primary,22485.747073353603,auto_robust_abs,6137,6137,6137,4126,4126,0.06039554075591774,0.033797523985049455,0.19372407410355497,29,False,data_local/stage1_lightcurves/detrend_experiments/s56_h5_sample/611190313.h5
bk0.8_sig5,0.8,5.0,tic611190313_s0056_o120_c1-4_Primary,611190313,19.530688244802914,Primary,22485.747073353603,auto_robust_abs,6137,6137,6137,4126,4126,0.06302760756346937,0.02402192476355653,0.15631392834554192,29,False,data_local/stage1_lightcurves/detrend_experiments/s56_h5_sample/611190313.h5
bk1.2_sig3,1.2,3.0,tic611190313_s0056_o120_c1-4_Primary,611190313,19.530688244802914,Primary,22485.747073353603,auto_robust_abs,6137,6137,6137,4126,4126,0.06441025832743152,0.03122677121934509,0.17541730728685778,29,False,data_local/stage1_lightcurves/detrend_experiments/s56_h5_sample/611190313.h5
bk1.2_sig5,1.2,5.0,tic611190313_s0056_o120_c1-4_Primary,611190313,19.530688244802914,Primary,22485.747073353603,auto_robust_abs,6137,6137,6137,4126,4126,0.06519479493853374,0.031529080784163166,0.15833271524043724,29,False,data_local/stage1_lightcurves/detrend_experiments/s56_h5_sample/611190313.h5
bk2_sig3,2.0,3.0,tic611190313_s0056_o120_c1-4_Primary,611190313,19.530688244802914,Primary,22485.747073353603,auto_robust_abs,6137,6137,6137,4126,4126,0.08074540158941518,0.05273814267585786,0.2062758263096397,29,False,data_local/stage1_lightcurves/detrend_experiments/s56_h5_sample/611190313.h5
bk2_sig5,2.0,5.0,tic611190313_s0056_o120_c1-4_Primary,611190313,19.530688244802914,Primary,22485.747073353603,auto_robust_abs,6137,6137,6137,4126,4126,0.07994829241394852,0.05781499615065577,0.20813182038027622,29,False,data_local/stage1_lightcurves/detrend_experiments/s56_h5_sample/611190313.h5
bk0.3_sig3,0.3,3.0,tic611190313_s0056_o120_c1-4_Small,611190313,19.530688244802914,Small,2183.0671203736674,auto_robust_abs,6137,6137,6137,3915,3915,0.10784756747415059,0.006421375580137884,0.028841221368514414,29,False,data_local/stage1_lightcurves/detrend_experiments/s56_h5_sample/611190313.h5
bk0.3_sig5,0.3,5.0,tic611190313_s0056_o120_c1-4_Small,611190313,19.530688244802914,Small,2183.0671203736674,auto_robust_abs,6137,6137,6137,3915,3915,0.10787391934574075,0.007671958613225548,0.034671911140066736,29,False,data_local/stage1_lightcurves/detrend_experiments/s56_h5_sample/611190313.h5
bk0.5_sig3,0.5,3.0,tic611190313_s0056_o120_c1-4_Small,611190313,19.530688244802914,Small,2183.0671203736674,auto_robust_abs,6137,6137,6137,3915,3915,0.12277268866700132,0.017755397422527377,0.12951855977365123,29,False,data_local/stage1_lightcurves/detrend_experiments/s56_h5_sample/611190313.h5
bk0.5_sig5,0.5,5.0,tic611190313_s0056_o120_c1-4_Small,611190313,19.530688244802914,Small,2183.0671203736674,auto_robust_abs,6137,6137,6137,3915,3915,0.12418783497417984,0.016671066272911386,0.11425701653357567,29,False,data_local/stage1_lightcurves/detrend_experiments/s56_h5_sample/611190313.h5
bk0.8_sig3,0.8,3.0,tic611190313_s0056_o120_c1-4_Small,611190313,19.530688244802914,Small,2183.0671203736674,auto_robust_abs,6137,6137,6137,3915,3915,0.12361661236364901,0.034003319143939045,0.17940353312166868,29,False,data_local/stage1_lightcurves/detrend_experiments/s56_h5_sample/611190313.h5
bk0.8_sig5,0.8,5.0,tic611190313_s0056_o120_c1-4_Small,611190313,19.530688244802914,Small,2183.0671203736674,auto_robust_abs,6137,6137,6137,3915,3915,0.12411940082703303,0.03133645939759359,0.17648290050204496,29,False,data_local/stage1_lightcurves/detrend_experiments/s56_h5_sample/611190313.h5
bk1.2_sig3,1.2,3.0,tic611190313_s0056_o120_c1-4_Small,611190313,19.530688244802914,Small,2183.0671203736674,auto_robust_abs,6137,6137,6137,3915,3915,0.1250026882886768,0.036376677083342496,0.17123163616647874,29,False,data_local/stage1_lightcurves/detrend_experiments/s56_h5_sample/611190313.h5
bk1.2_sig5,1.2,5.0,tic611190313_s0056_o120_c1-4_Small,611190313,19.530688244802914,Small,2183.0671203736674,auto_robust_abs,6137,6137,6137,3915,3915,0.12525299088855063,0.036302307665555526,0.16763059758864818,29,False,data_local/stage1_lightcurves/detrend_experiments/s56_h5_sample/611190313.h5
bk2_sig3,2.0,3.0,tic611190313_s0056_o120_c1-4_Small,611190313,19.530688244802914,Small,2183.0671203736674,auto_robust_abs,6137,6137,6137,3915,3915,0.13651221138441197,0.0641648003620768,0.2390487606818874,29,False,data_local/stage1_lightcurves/detrend_experiments/s56_h5_sample/611190313.h5
bk2_sig5,2.0,5.0,tic611190313_s0056_o120_c1-4_Small,611190313,19.530688244802914,Small,2183.0671203736674,auto_robust_abs,6137,6137,6137,3915,3915,0.13623611374025268,0.0647167581744521,0.23861649739881619,29,False,data_local/stage1_lightcurves/detrend_experiments/s56_h5_sample/611190313.h5
bk0.3_sig3,0.3,3.0,tic611190313_s0056_o120_c1-4_Large,611190313,19.530688244802914,Large,62803.52003544294,auto_robust_abs,6137,6137,6137,4172,4172,0.03521989999179935,0.005301719953006681,0.02169262136444927,29,False,data_local/stage1_lightcurves/detrend_experiments/s56_h5_sample/611190313.h5
bk0.3_sig5,0.3,5.0,tic611190313_s0056_o120_c1-4_Large,611190313,19.530688244802914,Large,62803.52003544294,auto_robust_abs,6137,6137,6137,4172,4172,0.04106511609004416,0.008065638838899165,0.04951973796824327,29,False,data_local/stage1_lightcurves/detrend_experiments/s56_h5_sample/611190313.h5
bk0.5_sig3,0.5,3.0,tic611190313_s0056_o120_c1-4_Large,611190313,19.530688244802914,Large,62803.52003544294,auto_robust_abs,6137,6137,6137,4172,4172,0.04125052224922424,0.013211924658945495,0.21167359880538372,29,False,data_local/stage1_lightcurves/detrend_experiments/s56_h5_sample/611190313.h5
bk0.5_sig5,0.5,5.0,tic611190313_s0056_o120_c1-4_Large,611190313,19.530688244802914,Large,62803.52003544294,auto_robust_abs,6137,6137,6137,4172,4172,0.05138175303887599,0.015874077314038632,0.09713756234654902,29,False,data_local/stage1_lightcurves/detrend_experiments/s56_h5_sample/611190313.h5
bk0.8_sig3,0.8,3.0,tic611190313_s0056_o120_c1-4_Large,611190313,19.530688244802914,Large,62803.52003544294,auto_robust_abs,6137,6137,6137,4172,4172,0.05225128312152645,0.0256628108868828,0.16832747905154144,29,False,data_local/stage1_lightcurves/detrend_experiments/s56_h5_sample/611190313.h5
bk0.8_sig5,0.8,5.0,tic611190313_s0056_o120_c1-4_Large,611190313,19.530688244802914,Large,62803.52003544294,auto_robust_abs,6137,6137,6137,4172,4172,0.05586162674109757,0.03274050688742101,0.14866759672161234,29,False,data_local/stage1_lightcurves/detrend_experiments/s56_h5_sample/611190313.h5
bk1.2_sig3,1.2,3.0,tic611190313_s0056_o120_c1-4_Large,611190313,19.530688244802914,Large,62803.52003544294,auto_robust_abs,6137,6137,6137,4172,4172,0.055667008810763016,0.026464536515205247,0.17755656590191804,29,False,data_local/stage1_lightcurves/detrend_experiments/s56_h5_sample/611190313.h5
bk1.2_sig5,1.2,5.0,tic611190313_s0056_o120_c1-4_Large,611190313,19.530688244802914,Large,62803.52003544294,auto_robust_abs,6137,6137,6137,4172,4172,0.058864554318389446,0.038282685569807295,0.16334838934099027,29,False,data_local/stage1_lightcurves/detrend_experiments/s56_h5_sample/611190313.h5
bk2_sig3,2.0,3.0,tic611190313_s0056_o120_c1-4_Large,611190313,19.530688244802914,Large,62803.52003544294,auto_robust_abs,6137,6137,6137,4172,4172,0.07501201335833087,0.052590589573492934,0.2004511422423979,29,False,data_local/stage1_lightcurves/detrend_experiments/s56_h5_sample/611190313.h5
bk2_sig5,2.0,5.0,tic611190313_s0056_o120_c1-4_Large,611190313,19.530688244802914,Large,62803.52003544294,auto_robust_abs,6137,6137,6137,4172,4172,0.07329395893230553,0.060099670983154004,0.19768205507702308,29,False,data_local/stage1_lightcurves/detrend_experiments/s56_h5_sample/611190313.h5
